Id,StreetAddress,City,State,ZipCode
1,34 Waubesa Way,Atlanta,Georgia,79841
2,9419 Banding Way,Orlando,Florida,33618
3,68308 Old Gate Road,Saginaw,Michigan,71908
4,7902 Bay Pass,Topeka,Kansas,51295
5,1 Manitowish Plaza,Young America,Minnesota,75454
6,8 Alpine Lane,Kansas City,Kansas,36368
7,229 Blackbird Court,Nashville,Tennessee,68537
8,499 Clemons Junction,Austin,Texas,63400
9,448 Boyd Way,Hamilton,Ohio,60370
10,9175 Acker Junction,Bethesda,Maryland,86250
11,2254 Sauthoff Lane,Mesa,Arizona,33198
12,7891 Donald Way,Sandy,Utah,46479
13,066 8th Circle,Knoxville,Tennessee,45190
14,73 Warrior Trail,Kansas City,Missouri,56466
15,635 Mariners Cove Center,Utica,New York,42705
16,1420 Old Shore Plaza,Cambridge,Massachusetts,35826
17,7771 Elmside Center,Shreveport,Louisiana,96729
18,21 Mayfield Way,Tucson,Arizona,36703
19,0070 Londonderry Court,Indianapolis,Indiana,27881
20,44721 Carpenter Pass,San Francisco,California,27306
21,483 Ridgeview Trail,Littleton,Colorado,45423
22,4 Harbort Avenue,Charlotte,North Carolina,68986
23,0066 Express Center,Hartford,Connecticut,93102
24,0 Sachtjen Way,Seattle,Washington,26950
25,53 Orin Center,Miami,Florida,53529
26,43544 Lakeland Lane,Eugene,Oregon,65411
27,66504 Graceland Alley,Washington,District of Columbia,11152
28,732 Memorial Drive,Rochester,New York,38171
29,833 Colorado Alley,Akron,Ohio,81065
30,13 Hauk Street,Miami,Florida,35814
31,218 Ryan Point,Charleston,West Virginia,47467
32,27 Rockefeller Hill,Waco,Texas,39879
33,64 Esker Point,Gulfport,Mississippi,73799
34,71071 Holmberg Hill,Kansas City,Missouri,96202
35,9782 Mendota Pass,Atlanta,Georgia,53440
36,48094 Homewood Center,Shreveport,Louisiana,83532
37,1971 Summer Ridge Hill,New Orleans,Louisiana,82280
38,2654 Hallows Center,Arlington,Virginia,17720
39,84 Saint Paul Alley,Mobile,Alabama,53923
40,15 Colorado Alley,Macon,Georgia,82897
41,617 Warbler Alley,Largo,Florida,31186
42,4583 Lakewood Gardens Point,Wichita,Kansas,97958
43,5 Hansons Trail,Dallas,Texas,24668
44,6845 Kim Point,Vero Beach,Florida,27667
45,47 Golf View Drive,Houston,Texas,79514
46,4192 Calypso Point,San Bernardino,California,16902
47,660 Ruskin Hill,Springfield,Virginia,17381
48,9533 Welch Lane,Atlanta,Georgia,51267
49,33512 Redwing Drive,Chicago,Illinois,43217
50,488 Kennedy Pass,New York City,New York,89587
51,736 Fallview Terrace,Lakewood,Washington,99247
52,8 Menomonie Court,Jackson,Mississippi,90060
53,712 Bay Drive,Sioux Falls,South Dakota,81500
54,32969 Park Meadow Plaza,Terre Haute,Indiana,98624
55,6540 Reindahl Road,Dulles,Virginia,11721
56,6 Nelson Pass,El Paso,Texas,17246
57,26900 Lien Court,Sacramento,California,71239
58,882 Raven Circle,Portland,Oregon,41102
59,93819 Brentwood Place,Grand Rapids,Michigan,23949
60,391 Linden Way,Toledo,Ohio,48073
61,04 Duke Alley,Memphis,Tennessee,56871
62,81971 Onsgard Parkway,Houston,Texas,29621
63,7 Kings Place,Irvine,California,53778
64,19261 Goodland Place,Saint Petersburg,Florida,54732
65,97 Menomonie Way,Waterloo,Iowa,28061
66,83231 Michigan Avenue,Louisville,Kentucky,11127
67,624 Mockingbird Plaza,Springfield,Virginia,47146
68,6828 Sommers Park,Manassas,Virginia,48596
69,82 Fremont Junction,Fort Lauderdale,Florida,61810
70,21 Namekagon Way,Tyler,Texas,15709
71,914 Toban Terrace,Dayton,Ohio,18564
72,4 Sachtjen Drive,Nashville,Tennessee,99194
73,35 Gulseth Plaza,Oxnard,California,35239
74,32 Longview Trail,Washington,District of Columbia,42576
75,08 Veith Alley,Orlando,Florida,17718
76,632 Milwaukee Crossing,El Paso,Texas,65108
77,3 Goodland Street,New Orleans,Louisiana,73146
78,10 Jenifer Plaza,Vancouver,Washington,52661
79,6785 Stuart Way,Jacksonville,Florida,72855
80,0290 Anzinger Junction,Bonita Springs,Florida,88609
81,155 Westend Drive,Burbank,California,16345
82,5 Russell Road,Duluth,Minnesota,92773
83,0938 Talmadge Crossing,New Bedford,Massachusetts,79281
84,94 Sundown Street,Norwalk,Connecticut,44466
85,5 Hermina Lane,Boston,Massachusetts,66704
86,6005 Esch Circle,Texarkana,Texas,24060
87,793 Carey Road,New York City,New York,82387
88,370 East Place,Amarillo,Texas,75923
89,5 Rowland Hill,Milwaukee,Wisconsin,24689
90,653 Arrowood Place,Beaumont,Texas,75604
91,2 Mariners Cove Center,Peoria,Illinois,35623
92,92 Mendota Circle,Cincinnati,Ohio,87064
93,48 American Ash Plaza,Green Bay,Wisconsin,38228
94,3617 Eastlawn Place,Gulfport,Mississippi,46353
95,07 Homewood Center,Punta Gorda,Florida,70331
96,6 Melody Hill,Vancouver,Washington,10181
97,13 Coleman Way,Seattle,Washington,66430
98,4 Johnson Point,Glendale,Arizona,53258
99,30670 Hudson Street,Bethesda,Maryland,76192
100,499 High Crossing Lane,Kansas City,Missouri,35803
101,1 Welch Hill,Baltimore,Maryland,54804
102,32 Oakridge Parkway,Orange,California,73814
103,4865 Anderson Parkway,Charlotte,North Carolina,51161
104,77828 Lakewood Gardens Junction,Springfield,Illinois,49387
105,6708 Quincy Crossing,San Antonio,Texas,94408
106,05936 Hallows Way,Rochester,New York,68221
107,389 Emmet Hill,Indianapolis,Indiana,73619
108,01 Bowman Court,Champaign,Illinois,96221
109,35742 Hayes Lane,Amarillo,Texas,58488
110,4002 Cherokee Parkway,Fredericksburg,Virginia,45271
111,4658 Ludington Parkway,Kansas City,Missouri,95939
112,234 Southridge Way,Little Rock,Arkansas,73665
113,39 Fairview Circle,Colorado Springs,Colorado,51789
114,72376 International Circle,Detroit,Michigan,54574
115,50 5th Center,Erie,Pennsylvania,86604
116,97688 Ludington Plaza,Houston,Texas,51038
117,30 Muir Road,Dallas,Texas,41936
118,017 Continental Way,Nashville,Tennessee,14447
119,536 Holy Cross Lane,Wichita Falls,Texas,37602
120,1 Dunning Court,Kansas City,Missouri,75752
121,5089 Chinook Court,El Paso,Texas,33073
122,237 Shasta Trail,Saint Louis,Missouri,11368
123,76 Di Loreto Avenue,North Hollywood,California,64617
124,01 4th Trail,Charleston,West Virginia,92975
125,8311 Blackbird Hill,Madison,Wisconsin,55724
126,62378 Everett Junction,Boston,Massachusetts,96585
127,42845 Del Sol Way,Atlanta,Georgia,93849
128,3661 Judy Court,Portland,Oregon,84952
129,360 Laurel Point,Des Moines,Iowa,31695
130,98079 Transport Trail,Las Vegas,Nevada,48024
131,48448 Judy Park,Oceanside,California,17222
132,752 Laurel Trail,Albuquerque,New Mexico,18191
133,9 International Circle,Wichita,Kansas,74551
134,9664 Union Point,Ridgely,Maryland,42837
135,921 Forest Dale Circle,Fayetteville,North Carolina,14901
136,7 Harper Trail,Kansas City,Missouri,95900
137,454 Dapin Pass,Anchorage,Alaska,92634
138,44522 Vermont Terrace,San Antonio,Texas,59007
139,20963 Crownhardt Alley,Rochester,New York,91148
140,961 Oxford Plaza,Saint Louis,Missouri,96284
141,77080 Loeprich Alley,Austin,Texas,32036
142,46 Kingsford Street,Omaha,Nebraska,18626
143,6 Stoughton Alley,Albuquerque,New Mexico,65388
144,72054 Hagan Way,Fort Lauderdale,Florida,82768
145,48691 Loeprich Terrace,Dayton,Ohio,13887
146,70 Milwaukee Parkway,Washington,District of Columbia,14254
147,469 Amoth Park,Miami,Florida,82610
148,16322 Kenwood Trail,Jamaica,New York,48877
149,6983 Lake View Plaza,Washington,District of Columbia,64348
150,4450 Kipling Junction,Birmingham,Alabama,21343
151,078 Truax Park,Fort Worth,Texas,99725
152,620 Aberg Alley,Wichita Falls,Texas,64859
153,2 Carpenter Point,Boston,Massachusetts,87080
154,4 Reindahl Trail,Fort Wayne,Indiana,66124
155,8 Northwestern Hill,San Bernardino,California,88929
156,55888 Morrow Crossing,Syracuse,New York,36759
157,715 Jenna Road,Nashville,Tennessee,96325
158,5 Monterey Trail,Salt Lake City,Utah,34595
159,4 Waywood Pass,Erie,Pennsylvania,22596
160,970 Hazelcrest Drive,Albany,New York,28384
161,8 Gale Avenue,San Francisco,California,28799
162,09339 Chive Place,Huntington,West Virginia,34874
163,1 Delaware Place,Washington,District of Columbia,76855
164,52 Main Circle,El Paso,Texas,76810
165,39 Lunder Road,Saint Louis,Missouri,11662
166,4 Kings Circle,Colorado Springs,Colorado,57448
167,595 Gale Crossing,Houston,Texas,92563
168,42134 Brentwood Crossing,Houston,Texas,17335
169,875 La Follette Avenue,Saint Paul,Minnesota,51295
170,01 Elka Trail,Tacoma,Washington,45928
171,8703 Mallard Place,Oklahoma City,Oklahoma,78579
172,9 Stoughton Drive,Springfield,Missouri,69864
173,5734 Daystar Road,Hartford,Connecticut,23986
174,700 Florence Park,Dearborn,Michigan,12617
175,48318 Rowland Drive,Des Moines,Iowa,80037
176,37 Cascade Crossing,Dallas,Texas,47238
177,6 Vermont Point,Portland,Oregon,92645
178,70 Sheridan Junction,Loretto,Minnesota,89839
179,076 Emmet Court,Santa Monica,California,54105
180,5 Kim Lane,Frederick,Maryland,33079
181,59 Leroy Terrace,El Paso,Texas,74921
182,770 Pierstorff Circle,Ocala,Florida,56563
183,3939 Manley Court,Baltimore,Maryland,90930
184,9527 Amoth Trail,Saint Louis,Missouri,58971
185,55 Bay Alley,New Orleans,Louisiana,55608
186,69106 High Crossing Way,Houston,Texas,91923
187,45 High Crossing Plaza,Savannah,Georgia,49685
188,2055 Bayside Road,New Bedford,Massachusetts,28083
189,75988 Michigan Plaza,Kalamazoo,Michigan,84661
190,957 Northfield Alley,San Francisco,California,43811
191,08 Brickson Park Trail,Albany,New York,33189
192,74 Mifflin Circle,Birmingham,Alabama,79301
193,1793 High Crossing Parkway,Alpharetta,Georgia,16825
194,7483 Schurz Court,Houston,Texas,76239
195,251 Hanson Point,Columbia,South Carolina,80641
196,9908 Maple Wood Place,Phoenix,Arizona,89038
197,26 Lakeland Park,Shreveport,Louisiana,38933
198,7522 Coleman Center,Charlotte,North Carolina,53070
199,524 Glendale Alley,Shreveport,Louisiana,80090
200,05 Anthes Drive,New York City,New York,86932
201,092 Hoepker Street,High Point,North Carolina,82221
202,3 Tennessee Crossing,Honolulu,Hawaii,59119
203,20446 Schurz Trail,Iowa City,Iowa,83750
204,2301 Village Green Park,Sacramento,California,16957
205,237 Moland Drive,Phoenix,Arizona,14976
206,1452 Springs Plaza,Miami,Florida,45703
207,34953 Merrick Pass,Buffalo,New York,78685
208,7 Canary Hill,Las Vegas,Nevada,45054
209,52832 Kinsman Trail,Albuquerque,New Mexico,96946
210,0 Bartillon Plaza,Houston,Texas,16849
211,8 Jana Hill,Washington,District of Columbia,39645
212,791 Hooker Street,Washington,District of Columbia,60526
213,16 Riverside Place,North Hollywood,California,55471
214,7 Clyde Gallagher Court,Nashville,Tennessee,90352
215,652 Larry Circle,Boca Raton,Florida,59670
216,5 Jay Hill,Portland,Oregon,42226
217,54 Golf Course Trail,Tacoma,Washington,30526
218,4213 Morningstar Junction,Reston,Virginia,23282
219,827 Shelley Center,Levittown,Pennsylvania,39809
220,14 Roxbury Street,Irving,Texas,29785
221,57 Pine View Center,Phoenix,Arizona,89738
222,807 Swallow Circle,Shawnee Mission,Kansas,86093
223,80445 Schiller Way,Roanoke,Virginia,96908
224,5971 Rusk Park,Kalamazoo,Michigan,14253
225,580 Calypso Alley,Washington,District of Columbia,32681
226,5331 Jenna Plaza,Alexandria,Virginia,78424
227,8 Melby Avenue,Corpus Christi,Texas,80956
228,13672 Towne Lane,San Francisco,California,84371
229,68 Sauthoff Place,Sacramento,California,69188
230,404 Eastwood Way,San Diego,California,86266
231,9 Clyde Gallagher Circle,Peoria,Illinois,73007
232,0653 Riverside Way,Washington,District of Columbia,19867
233,99 Northridge Alley,Washington,District of Columbia,36689
234,195 Grasskamp Lane,Honolulu,Hawaii,85461
235,4 Porter Trail,Louisville,Kentucky,21049
236,76079 Marquette Trail,Schenectady,New York,90219
237,45 Hoepker Pass,Ogden,Utah,59401
238,87 Thompson Circle,Springfield,Massachusetts,15989
239,45271 Debs Terrace,Raleigh,North Carolina,78011
240,0 Northview Hill,Minneapolis,Minnesota,36733
241,6 Hermina Center,New York City,New York,13478
242,72 Pawling Circle,New York City,New York,40370
243,60788 Chinook Lane,Pinellas Park,Florida,82501
244,8697 Moulton Point,Washington,District of Columbia,68078
245,5798 Lerdahl Crossing,San Diego,California,33025
246,775 Farragut Lane,Zephyrhills,Florida,92816
247,273 Mallory Terrace,Sacramento,California,75599
248,3 Jenifer Court,Sacramento,California,95208
249,78636 Ludington Drive,Washington,District of Columbia,42928
250,92317 Northfield Avenue,Oklahoma City,Oklahoma,11792
251,6 Truax Park,Springfield,Illinois,60122
252,6 Eggendart Parkway,Terre Haute,Indiana,77948
253,01 Shelley Court,Redwood City,California,58003
254,42 Weeping Birch Trail,Kissimmee,Florida,60458
255,462 Pennsylvania Park,Roanoke,Virginia,15118
256,86 Elka Point,Little Rock,Arkansas,19099
257,371 Union Circle,Little Rock,Arkansas,49756
258,008 Arrowood Road,Dayton,Ohio,97822
259,28 Kipling Plaza,Grand Rapids,Michigan,52022
260,3624 Talisman Park,Hartford,Connecticut,65608
261,8 Holmberg Pass,Tyler,Texas,15782
262,59 Melby Way,Tucson,Arizona,51887
263,5839 High Crossing Street,Rockford,Illinois,48357
264,42 Porter Pass,New Orleans,Louisiana,90172
265,57507 Hauk Road,Houston,Texas,31525
266,698 Homewood Avenue,San Diego,California,33298
267,669 Merrick Road,South Bend,Indiana,52184
268,78 Burrows Court,Mobile,Alabama,71942
269,24607 Corscot Road,Memphis,Tennessee,69929
270,66 Sunbrook Plaza,Evansville,Indiana,27351
271,4984 Manitowish Park,Miami Beach,Florida,28864
272,8 Glacier Hill Drive,Cincinnati,Ohio,66092
273,40 Thierer Park,Boston,Massachusetts,86407
274,91 Hudson Lane,Huntsville,Alabama,62487
275,97483 New Castle Center,Kansas City,Missouri,72293
276,54167 Schlimgen Alley,Henderson,Nevada,46954
277,4 Tennessee Circle,Sacramento,California,27794
278,00860 Pond Drive,Santa Ana,California,87188
279,08912 Charing Cross Trail,Atlanta,Georgia,65746
280,7864 Meadow Vale Place,Evansville,Indiana,95251
281,0929 Menomonie Road,Evansville,Indiana,10452
282,7 Vidon Drive,Houston,Texas,47047
283,3448 Monument Plaza,Huntington,West Virginia,55785
284,50852 Fairview Trail,Baton Rouge,Louisiana,35871
285,34159 Dawn Lane,Port Charlotte,Florida,14288
286,1789 East Parkway,Birmingham,Alabama,15046
287,94 Randy Pass,Fort Smith,Arkansas,44514
288,407 Mesta Avenue,San Antonio,Texas,77660
289,877 Pleasure Crossing,El Paso,Texas,86255
290,50 Golf Avenue,Memphis,Tennessee,60491
291,48536 Washington Road,Augusta,Georgia,89833
292,47737 Norway Maple Lane,Whittier,California,44120
293,9 Hollow Ridge Trail,Austin,Texas,36864
294,291 Rowland Pass,New Orleans,Louisiana,95939
295,8 Farmco Court,Maple Plain,Minnesota,27101
296,9 Union Road,Baton Rouge,Louisiana,24169
297,5 Express Center,Fort Smith,Arkansas,73785
298,0 Buena Vista Hill,Port Washington,New York,24072
299,9 Sloan Park,Dallas,Texas,93171
300,2 Clarendon Court,Bakersfield,California,15432
301,8 Utah Junction,Los Angeles,California,80518
302,427 Sage Drive,Harrisburg,Pennsylvania,85703
303,61 Westridge Point,Sioux City,Iowa,74344
304,59 Clemons Point,Milwaukee,Wisconsin,43295
305,0212 Brentwood Trail,Stockton,California,26627
306,430 Gulseth Pass,Anchorage,Alaska,69792
307,059 Redwing Plaza,Fort Lauderdale,Florida,76544
308,6 Eagan Road,New York City,New York,43425
309,9634 Ruskin Lane,Los Angeles,California,50041
310,0 Gerald Court,Indianapolis,Indiana,97357
311,7069 8th Circle,Fort Pierce,Florida,99474
312,4 Donald Parkway,Valdosta,Georgia,75581
313,808 Debra Pass,Boulder,Colorado,62611
314,872 Oxford Point,Newark,Delaware,45685
315,6825 Harper Parkway,San Francisco,California,95918
316,07968 Golf Course Court,Denver,Colorado,61910
317,891 Pine View Drive,Jeffersonville,Indiana,76674
318,4 Hoepker Point,Zephyrhills,Florida,89089
319,2 Delladonna Court,San Francisco,California,62846
320,8 Melody Parkway,Round Rock,Texas,19913
321,72943 Schiller Street,Tucson,Arizona,55407
322,6894 Pepper Wood Plaza,Miami,Florida,48642
323,544 Ryan Way,Miami,Florida,35763
324,93 Eliot Alley,Beaufort,South Carolina,32704
325,43618 Welch Court,Pocatello,Idaho,91170
326,3 Debra Terrace,Cleveland,Ohio,39840
327,7555 Nobel Trail,Nashville,Tennessee,56583
328,61867 Calypso Place,Inglewood,California,79484
329,25 Everett Crossing,Irvine,California,72991
330,8 Melby Point,San Diego,California,30885
331,159 Havey Way,Lehigh Acres,Florida,68030
332,19327 Steensland Hill,Long Beach,California,59756
333,5122 Thompson Hill,Dallas,Texas,56584
334,80 Moland Avenue,Saint Petersburg,Florida,82807
335,5 Golden Leaf Court,El Paso,Texas,53055
336,72114 Cascade Junction,Knoxville,Tennessee,35311
337,156 Merrick Alley,Lexington,Kentucky,37963
338,393 Crowley Road,Baltimore,Maryland,57967
339,68 Melvin Way,Pensacola,Florida,85605
340,6030 Arkansas Center,Phoenix,Arizona,12162
341,2846 Sloan Avenue,New York City,New York,79222
342,61339 Warner Point,Lake Charles,Louisiana,32058
343,4086 Mitchell Center,Newton,Massachusetts,81634
344,410 Golf View Court,Shreveport,Louisiana,36545
345,525 Debra Avenue,Miami Beach,Florida,81908
346,59 Merchant Street,Tacoma,Washington,93762
347,58 Erie Court,North Port,Florida,41952
348,16894 Clemons Point,Worcester,Massachusetts,29834
349,06093 Moose Hill,Long Beach,California,76473
350,8 Mcbride Park,Shreveport,Louisiana,30880
351,5 Marcy Park,Florence,South Carolina,33451
352,801 Lunder Terrace,Indianapolis,Indiana,97303
353,9 Ridgeview Park,Grand Rapids,Michigan,57814
354,406 West Drive,Las Vegas,Nevada,37476
355,4 Pearson Place,Los Angeles,California,11247
356,2 Kinsman Alley,Long Beach,California,54439
357,2576 Esch Street,Atlanta,Georgia,49096
358,862 Green Circle,Washington,District of Columbia,65115
359,97684 Stang Point,Fort Lauderdale,Florida,37698
360,86 Dapin Junction,El Paso,Texas,75637
361,57739 Amoth Circle,Reno,Nevada,73977
362,18 Montana Junction,Irvine,California,25726
363,76 Mifflin Junction,Laurel,Maryland,65095
364,595 Northland Center,Cincinnati,Ohio,54895
365,04206 Straubel Road,Charlotte,North Carolina,66521
366,6971 Mosinee Pass,Lexington,Kentucky,40454
367,03 Jackson Parkway,Anderson,Indiana,76970
368,4577 Tennyson Hill,Philadelphia,Pennsylvania,91431
369,74077 Sutteridge Terrace,White Plains,New York,67908
370,1618 Morningstar Point,Detroit,Michigan,21151
371,51 Beilfuss Junction,Roanoke,Virginia,78484
372,00808 Birchwood Point,Tulsa,Oklahoma,58125
373,54 Carberry Street,Gatesville,Texas,63246
374,61509 Warner Circle,Kingsport,Tennessee,62186
375,1181 Delaware Road,Indianapolis,Indiana,37060
376,4 Stoughton Point,Richmond,Virginia,69704
377,0907 Anderson Avenue,Colorado Springs,Colorado,84226
378,18281 Glacier Hill Avenue,New Orleans,Louisiana,32377
379,8 Saint Paul Crossing,Seattle,Washington,44201
380,026 Vera Point,Philadelphia,Pennsylvania,77701
381,4 Fairview Circle,Los Angeles,California,68898
382,924 Chive Park,Killeen,Texas,14636
383,0 Vidon Parkway,Las Vegas,Nevada,56250
384,19062 Linden Road,Fort Pierce,Florida,61160
385,6 Kipling Center,Wilmington,Delaware,44787
386,0 Bashford Hill,Santa Monica,California,47923
387,3548 Sunnyside Alley,Denver,Colorado,25461
388,4 Bonner Hill,Houston,Texas,59017
389,5 Sunbrook Trail,Columbus,Ohio,40525
390,0462 Rusk Crossing,Oklahoma City,Oklahoma,43311
391,90 Merrick Drive,Inglewood,California,34985
392,93 Mallard Alley,Greensboro,North Carolina,48544
393,43 Fallview Lane,Kissimmee,Florida,98550
394,49 Dapin Court,Dallas,Texas,70960
395,3 Green Pass,El Paso,Texas,97913
396,74279 Sachs Alley,Phoenix,Arizona,45660
397,0770 Merry Parkway,Lincoln,Nebraska,75218
398,5 Forest Dale Court,Orange,California,13354
399,2 Carey Terrace,Shawnee Mission,Kansas,19760
400,74 Manitowish Park,Minneapolis,Minnesota,79404
401,502 Atwood Lane,Spokane,Washington,89314
402,9 Manitowish Alley,Saint Louis,Missouri,61497
403,802 Eagle Crest Trail,Trenton,New Jersey,55897
404,26436 Hoard Court,Baton Rouge,Louisiana,11833
405,7 Bunker Hill Alley,Sacramento,California,44248
406,56 Dexter Lane,Sioux Falls,South Dakota,22334
407,6168 Crescent Oaks Way,Pensacola,Florida,25053
408,1 Helena Trail,Naples,Florida,18655
409,943 Crowley Point,South Bend,Indiana,11498
410,9007 Florence Court,Des Moines,Iowa,70590
411,293 Glacier Hill Street,Brooklyn,New York,94560
412,2 Alpine Lane,Fort Myers,Florida,82034
413,865 Annamark Lane,Columbus,Ohio,40948
414,35 Kim Alley,Newport News,Virginia,76081
415,51 Washington Park,Shreveport,Louisiana,39734
416,651 Dwight Way,Honolulu,Hawaii,30669
417,53127 Mitchell Park,Fort Lauderdale,Florida,66283
418,50 Burrows Circle,Rochester,New York,12641
419,5 Bluestem Pass,Milwaukee,Wisconsin,85824
420,80024 Morrow Road,Providence,Rhode Island,52439
421,3 Loeprich Lane,Carol Stream,Illinois,73368
422,59082 Susan Plaza,Jamaica,New York,57538
423,7 Elgar Trail,Corpus Christi,Texas,66640
424,44 Everett Parkway,Birmingham,Alabama,38713
425,565 Sauthoff Drive,Springfield,Missouri,13894
426,20 Knutson Plaza,Flint,Michigan,86161
427,89 Melby Way,Harrisburg,Pennsylvania,73197
428,513 Oneill Park,Salem,Oregon,18988
429,19 Schurz Lane,Pomona,California,24817
430,4 Westport Way,Richmond,Virginia,82074
431,77 Talisman Plaza,Fresno,California,42120
432,3830 Birchwood Avenue,New York City,New York,56608
433,4 Loomis Circle,Pensacola,Florida,65278
434,9 Dwight Drive,Toledo,Ohio,13929
435,3 Old Shore Circle,Birmingham,Alabama,88048
436,365 Merry Hill,Fresno,California,18635
437,2 Barnett Street,Boise,Idaho,55094
438,7 Meadow Vale Lane,Houston,Texas,86081
439,68325 Sunnyside Trail,New York City,New York,87998
440,15 Magdeline Place,Wilkes Barre,Pennsylvania,91910
441,982 Arizona Court,Reno,Nevada,97866
442,6196 Bowman Lane,Colorado Springs,Colorado,81699
443,138 Westend Junction,Philadelphia,Pennsylvania,89107
444,863 Crowley Park,Syracuse,New York,17334
445,1213 Lien Circle,Mount Vernon,New York,63087
446,8291 Dawn Street,Huntington,West Virginia,90586
447,9301 Lillian Crossing,Little Rock,Arkansas,52280
448,77 Grover Road,Las Vegas,Nevada,47748
449,71022 Clarendon Trail,Louisville,Kentucky,95165
450,79 Elka Court,Memphis,Tennessee,84580
451,5969 Carpenter Center,Brockton,Massachusetts,37689
452,864 Blackbird Avenue,El Paso,Texas,93538
453,726 Mendota Hill,Torrance,California,29400
454,739 Riverside Plaza,Little Rock,Arkansas,36274
455,09 Claremont Circle,Hayward,California,30764
456,1015 Golf Course Street,Garland,Texas,51078
457,2464 Stang Hill,Atlanta,Georgia,92462
458,3 Bartelt Park,Daytona Beach,Florida,79489
459,40450 Ramsey Pass,Charlotte,North Carolina,13313
460,86 Arapahoe Court,Lincoln,Nebraska,72436
461,9 Judy Court,Dallas,Texas,23249
462,88788 Stuart Lane,Charlotte,North Carolina,82117
463,60959 Drewry Street,Aurora,Colorado,52237
464,86937 Donald Road,Birmingham,Alabama,76077
465,32307 Springview Way,El Paso,Texas,42221
466,5436 Arkansas Crossing,Washington,District of Columbia,63849
467,34550 Dapin Point,Ridgely,Maryland,72575
468,59 Moulton Lane,Boise,Idaho,37402
469,81372 Linden Crossing,Seattle,Washington,26961
470,9 Swallow Parkway,Anchorage,Alaska,25883
471,776 School Road,Pensacola,Florida,47236
472,91 Pine View Way,Fullerton,California,39366
473,1911 Gateway Park,Kalamazoo,Michigan,48127
474,5 Corben Pass,Washington,District of Columbia,81077
475,0034 Mockingbird Plaza,Austin,Texas,25032
476,705 Farragut Place,Baton Rouge,Louisiana,74006
477,9515 Hintze Crossing,Jefferson City,Missouri,86142
478,0 Crescent Oaks Road,Orlando,Florida,58450
479,20 Schiller Place,Seattle,Washington,85986
480,9 Pepper Wood Junction,Chicago,Illinois,80674
481,10929 Clarendon Park,Rochester,New York,75725
482,50370 Quincy Hill,Burbank,California,92990
483,282 Johnson Crossing,Sarasota,Florida,56971
484,413 Eliot Pass,Burbank,California,90596
485,082 Stone Corner Park,Myrtle Beach,South Carolina,23317
486,65623 Melvin Park,Duluth,Minnesota,27197
487,565 Duke Court,Denton,Texas,72416
488,47701 Kensington Parkway,Juneau,Alaska,72637
489,2926 Transport Way,San Jose,California,88835
490,62212 Old Shore Junction,El Paso,Texas,81984
491,58 Heath Junction,Arlington,Texas,14515
492,96017 Utah Drive,Concord,California,16911
493,5 Kings Plaza,Austin,Texas,78223
494,2 Derek Lane,New York City,New York,77563
495,656 Browning Junction,Houston,Texas,99153
496,2 Dottie Avenue,Phoenix,Arizona,66362
497,3 Northview Road,Washington,District of Columbia,73376
498,2351 Mifflin Avenue,Los Angeles,California,16758
499,824 Bayside Park,Los Angeles,California,57153
500,62998 Scofield Circle,Lubbock,Texas,26487
501,51 Union Place,Inglewood,California,23093
502,312 Lawn Lane,Honolulu,Hawaii,31170
503,5887 Mcbride Court,Aiken,South Carolina,32289
504,89 Straubel Circle,Toledo,Ohio,44498
505,9 Arapahoe Street,Salinas,California,20451
506,7 Golf View Junction,Washington,District of Columbia,68609
507,89628 Old Shore Hill,Tuscaloosa,Alabama,77220
508,9 Weeping Birch Crossing,Valley Forge,Pennsylvania,19244
509,10043 Maryland Alley,Springfield,Massachusetts,71590
510,53239 Donald Point,Houston,Texas,50861
511,2818 Pond Drive,Lansing,Michigan,24056
512,0952 Meadow Vale Court,Denver,Colorado,19780
513,2 Di Loreto Street,Wilkes Barre,Pennsylvania,53907
514,19727 New Castle Pass,Corpus Christi,Texas,66031
515,055 Golf Course Junction,Port Washington,New York,82690
516,3381 Elka Way,New Orleans,Louisiana,45690
517,12 Petterle Terrace,Houston,Texas,70242
518,7 Lien Alley,Scranton,Pennsylvania,25947
519,41533 Kipling Way,Boca Raton,Florida,49202
520,0157 Vera Terrace,Topeka,Kansas,61826
521,9 International Center,Cleveland,Ohio,90113
522,6 Oneill Point,Minneapolis,Minnesota,76627
523,86 Waxwing Circle,Chula Vista,California,10982
524,345 Ramsey Park,Augusta,Georgia,69275
525,73225 Little Fleur Plaza,Greenville,South Carolina,88259
526,1170 Graedel Hill,Omaha,Nebraska,59992
527,86 Blue Bill Park Drive,Greensboro,North Carolina,68869
528,43021 Oriole Center,Roanoke,Virginia,95563
529,98816 School Parkway,Vancouver,Washington,95505
530,0288 Bartillon Street,Albuquerque,New Mexico,52921
531,29 Boyd Place,Erie,Pennsylvania,26732
532,6332 Paget Drive,Greenville,South Carolina,90480
533,5781 Carpenter Place,Atlanta,Georgia,36143
534,97 Pine View Court,Sacramento,California,39178
535,42984 Stoughton Parkway,Plano,Texas,72124
536,061 Saint Paul Drive,Providence,Rhode Island,97497
537,0928 Farragut Park,Dayton,Ohio,51085
538,2119 Spenser Park,New Castle,Pennsylvania,82830
539,45 Northview Plaza,Saint Louis,Missouri,70393
540,96302 Schlimgen Park,Atlanta,Georgia,73085
541,10948 Spenser Pass,San Rafael,California,15227
542,56452 Surrey Plaza,Van Nuys,California,18048
543,19052 Delaware Place,New Orleans,Louisiana,68978
544,21 Golden Leaf Junction,South Bend,Indiana,55968
545,5894 Memorial Parkway,Miami,Florida,68807
546,45 Pawling Point,Richmond,Virginia,55578
547,8370 Granby Pass,Springfield,Illinois,49515
548,00453 Buhler Parkway,Syracuse,New York,31928
549,393 Troy Pass,Albany,New York,28340
550,54765 Dexter Center,Houston,Texas,63284
551,907 Lien Lane,Indianapolis,Indiana,35823
552,4443 Melby Plaza,El Paso,Texas,63434
553,9054 Havey Crossing,Dallas,Texas,30110
554,42 Lakewood Circle,Bradenton,Florida,45189
555,43 Emmet Place,Kansas City,Missouri,66431
556,645 Pennsylvania Place,Duluth,Georgia,19296
557,19644 Arkansas Pass,Lafayette,Indiana,69433
558,24981 Killdeer Trail,Minneapolis,Minnesota,71787
559,5 Del Sol Avenue,Bonita Springs,Florida,77022
560,186 Northport Crossing,Detroit,Michigan,48403
561,4 Heath Street,Boca Raton,Florida,67187
562,74 American Ash Hill,Pinellas Park,Florida,83757
563,5298 Charing Cross Point,Portland,Oregon,29587
564,27244 Hauk Way,Anchorage,Alaska,77052
565,062 Sommers Plaza,Shreveport,Louisiana,88565
566,3295 Sage Plaza,Springfield,Illinois,28862
567,0581 Fairview Junction,Youngstown,Ohio,18602
568,676 Kingsford Place,Silver Spring,Maryland,87946
569,1 Knutson Avenue,Charlotte,North Carolina,65082
570,33 Vermont Pass,Fort Worth,Texas,13001
571,60141 Mcbride Plaza,Flint,Michigan,81455
572,42948 Ronald Regan Crossing,Birmingham,Alabama,57373
573,276 Center Junction,Saint Louis,Missouri,52233
574,2 Jana Point,Indianapolis,Indiana,35713
575,7642 Lillian Trail,Tampa,Florida,56240
576,1 Westend Street,Springfield,Illinois,74647
577,1951 Darwin Way,Kansas City,Missouri,72468
578,08531 Bellgrove Plaza,Chicago,Illinois,47634
579,7898 Kipling Lane,Syracuse,New York,98619
580,175 Hazelcrest Pass,Warren,Michigan,42489
581,6116 Basil Junction,Chesapeake,Virginia,31779
582,4 Sommers Point,Fresno,California,94112
583,9 Carey Terrace,Springfield,Illinois,52151
584,67 Utah Way,Topeka,Kansas,40457
585,58323 West Pass,Spokane,Washington,18584
586,79 Mosinee Center,Boston,Massachusetts,97652
587,519 Porter Hill,Asheville,North Carolina,78433
588,97152 Manufacturers Crossing,Farmington,Michigan,83674
589,68063 Towne Pass,Washington,District of Columbia,66718
590,74779 Arapahoe Junction,Green Bay,Wisconsin,95553
591,4753 Bowman Junction,Beaumont,Texas,67251
592,4 Sunbrook Plaza,Kansas City,Missouri,35796
593,727 Rusk Hill,Buffalo,New York,39512
594,69 Lawn Crossing,Memphis,Tennessee,72572
595,622 Chinook Park,Tulsa,Oklahoma,98932
596,616 Katie Center,Washington,District of Columbia,92369
597,7277 Warrior Pass,San Diego,California,64627
598,178 Mariners Cove Parkway,Rockford,Illinois,92625
599,36644 Quincy Street,Newark,New Jersey,48506
600,5 Harper Pass,Tampa,Florida,43418
601,70705 Union Avenue,New Orleans,Louisiana,51976
602,7 Grim Plaza,El Paso,Texas,54261
603,42977 Reinke Center,Duluth,Georgia,23809
604,24 Daystar Plaza,Port Washington,New York,71883
605,50 Sundown Drive,Fort Wayne,Indiana,68192
606,015 Welch Point,Louisville,Kentucky,91642
607,295 Larry Circle,Daytona Beach,Florida,78734
608,4502 Meadow Valley Center,Moreno Valley,California,80737
609,30381 Forest Run Hill,Hampton,Virginia,73005
610,2033 Pearson Hill,Trenton,New Jersey,19400
611,400 Eggendart Circle,Houston,Texas,66171
612,24 Pearson Place,Lexington,Kentucky,78771
613,942 David Parkway,Charlotte,North Carolina,19264
614,661 Sloan Circle,Jacksonville,Florida,75840
615,7 Mcbride Place,New York City,New York,74430
616,476 Meadow Vale Way,Jackson,Tennessee,78084
617,0 Pearson Crossing,Tyler,Texas,66400
618,1 Linden Street,Boston,Massachusetts,33700
619,05856 Calypso Terrace,Irvine,California,85701
620,9005 Clemons Street,Newton,Massachusetts,76176
621,2302 Service Alley,Wilkes Barre,Pennsylvania,94647
622,9617 Evergreen Crossing,Mobile,Alabama,41014
623,93980 Weeping Birch Hill,Raleigh,North Carolina,27975
624,90 Warner Place,Silver Spring,Maryland,50865
625,94 Dorton Alley,Great Neck,New York,33815
626,9 Gulseth Road,Dearborn,Michigan,68435
627,020 Oriole Road,Atlanta,Georgia,97869
628,47 Clove Point,Pompano Beach,Florida,35521
629,9 Arrowood Park,Winston Salem,North Carolina,55569
630,335 Clemons Pass,Washington,District of Columbia,47920
631,861 Oriole Road,Jackson,Mississippi,97070
632,373 Raven Street,Saint Joseph,Missouri,85534
633,6 Elka Park,San Diego,California,16031
634,78557 Lien Avenue,Syracuse,New York,22329
635,59 Hooker Hill,Philadelphia,Pennsylvania,55421
636,0 School Crossing,Laurel,Maryland,85030
637,01 Troy Drive,Topeka,Kansas,38820
638,67 Bonner Drive,Charlottesville,Virginia,98633
639,1396 Pierstorff Way,Los Angeles,California,41754
640,29 Stephen Street,Saint Paul,Minnesota,65281
641,0303 Alpine Avenue,Denton,Texas,65887
642,625 Thierer Place,Saint Louis,Missouri,23408
643,59 Eastwood Place,Baltimore,Maryland,27112
644,6 Mandrake Parkway,Baton Rouge,Louisiana,10471
645,249 American Ash Way,Brooksville,Florida,20270
646,33 Eagle Crest Junction,Des Moines,Iowa,66181
647,845 Mosinee Trail,Fort Lauderdale,Florida,16370
648,61 Sachs Circle,Lansing,Michigan,96464
649,779 Annamark Crossing,San Jose,California,22104
650,85187 Shelley Pass,Memphis,Tennessee,22709
651,70 Towne Way,High Point,North Carolina,84943
652,653 American Ash Circle,Nashville,Tennessee,10651
653,273 Paget Trail,Birmingham,Alabama,86713
654,2527 Forest Dale Plaza,Saint Joseph,Missouri,50153
655,16720 Village Green Hill,Des Moines,Iowa,38175
656,9 Cardinal Terrace,Seattle,Washington,73779
657,01 Eastlawn Crossing,New Orleans,Louisiana,56640
658,209 Fieldstone Road,Washington,District of Columbia,89706
659,6788 Monument Pass,Kansas City,Missouri,72235
660,13300 Messerschmidt Plaza,Fresno,California,15704
661,111 Kedzie Pass,Phoenix,Arizona,17855
662,81837 Lyons Alley,Peoria,Arizona,73594
663,5 Vermont Park,Washington,District of Columbia,64644
664,87 Clarendon Crossing,Sacramento,California,68338
665,82 Maywood Park,Fort Worth,Texas,72533
666,4004 Bluejay Park,Washington,District of Columbia,76332
667,4093 Jay Parkway,High Point,North Carolina,32819
668,84 Barnett Terrace,Cambridge,Massachusetts,70358
669,2 Eagan Street,Lakewood,Washington,57706
670,70 Mandrake Place,Pensacola,Florida,24841
671,078 Farmco Junction,South Bend,Indiana,15265
672,13417 Declaration Road,Pittsburgh,Pennsylvania,84772
673,559 Schiller Terrace,Hartford,Connecticut,74126
674,06 Rieder Alley,Tyler,Texas,11993
675,5593 Hermina Crossing,Seattle,Washington,14907
676,75917 Northview Lane,Saint Louis,Missouri,62530
677,773 Goodland Road,Nashville,Tennessee,90991
678,6 Schlimgen Point,New York City,New York,65321
679,32265 Susan Park,El Paso,Texas,79518
680,588 Barnett Park,Albuquerque,New Mexico,99124
681,26300 Boyd Circle,El Paso,Texas,49719
682,10877 Corry Place,Delray Beach,Florida,21048
683,58 Helena Drive,Zephyrhills,Florida,52726
684,2 Dahle Crossing,Racine,Wisconsin,20606
685,6903 Longview Road,Waterbury,Connecticut,34897
686,09590 Myrtle Trail,Rochester,New York,67081
687,9095 Granby Point,Washington,District of Columbia,92946
688,5 Starling Way,Chesapeake,Virginia,48066
689,43286 Stephen Street,Aurora,Colorado,17806
690,03 Westridge Plaza,Austin,Texas,81579
691,698 International Plaza,Columbus,Ohio,19648
692,2 Caliangt Point,Chesapeake,Virginia,94998
693,08 Delladonna Crossing,Green Bay,Wisconsin,33255
694,05972 Autumn Leaf Lane,Houston,Texas,17470
695,160 Luster Court,Jamaica,New York,55708
696,1888 Reinke Way,New Haven,Connecticut,74204
697,23 Towne Court,San Jose,California,76658
698,165 Toban Park,New Orleans,Louisiana,37827
699,43 Southridge Plaza,Springfield,Illinois,45908
700,92718 Lyons Point,Oakland,California,43147
701,54563 Crescent Oaks Trail,Tucson,Arizona,10572
702,37276 Hudson Center,Palatine,Illinois,39006
703,90 Dakota Terrace,Kansas City,Kansas,27889
704,93088 Meadow Valley Place,San Francisco,California,82847
705,1777 Troy Place,Jacksonville,Florida,74545
706,29 Starling Avenue,Saint Paul,Minnesota,60542
707,945 Florence Junction,Memphis,Tennessee,94358
708,3881 Di Loreto Center,Spring,Texas,49296
709,6 Graceland Parkway,Charleston,West Virginia,62893
710,5267 School Alley,Newark,New Jersey,33737
711,1 Chive Junction,Kansas City,Missouri,41648
712,31234 Buhler Trail,Honolulu,Hawaii,55080
713,0562 Mallard Way,Honolulu,Hawaii,81884
714,121 Heffernan Center,Garden Grove,California,86118
715,910 Warbler Terrace,Buffalo,New York,22747
716,7529 Troy Park,Shreveport,Louisiana,43547
717,45722 Manitowish Way,Trenton,New Jersey,90085
718,7052 Lotheville Plaza,Woburn,Massachusetts,77248
719,8976 Gale Point,Salt Lake City,Utah,98097
720,64 Nancy Way,Houston,Texas,19978
721,7 Nova Center,Brockton,Massachusetts,62165
722,2 Straubel Way,Birmingham,Alabama,75559
723,4 Monica Plaza,West Palm Beach,Florida,26428
724,18336 Maple Wood Drive,Huntsville,Alabama,13780
725,759 Boyd Junction,Gainesville,Georgia,18074
726,99 Gulseth Terrace,Shawnee Mission,Kansas,15310
727,5490 Hauk Avenue,Fort Wayne,Indiana,74488
728,8496 Hooker Center,West Palm Beach,Florida,79610
729,63946 Sunbrook Junction,Tulsa,Oklahoma,63500
730,0 Wayridge Crossing,Richmond,Virginia,93118
731,0 Basil Hill,Mobile,Alabama,86492
732,723 Hayes Plaza,Sioux Falls,South Dakota,88286
733,40 Crescent Oaks Crossing,Appleton,Wisconsin,65158
734,312 Stang Road,Chicago,Illinois,44335
735,85460 Havey Terrace,Hamilton,Ohio,19484
736,7650 Swallow Junction,Topeka,Kansas,95187
737,81 Kings Drive,Shreveport,Louisiana,86757
738,3914 Spohn Alley,Fort Myers,Florida,49675
739,3645 Basil Alley,Peoria,Illinois,60273
740,96926 Moland Drive,Charlottesville,Virginia,31773
741,12 Prairieview Lane,Hampton,Virginia,67977
742,56 Vermont Street,Young America,Minnesota,49207
743,866 Carpenter Crossing,Sterling,Virginia,83955
744,7 Luster Parkway,Daytona Beach,Florida,97279
745,860 Claremont Plaza,Clearwater,Florida,89645
746,9 Buell Circle,Oklahoma City,Oklahoma,36190
747,347 Little Fleur Park,Las Vegas,Nevada,89767
748,80137 Summer Ridge Place,Jacksonville,Florida,51664
749,75 Beilfuss Center,New York City,New York,87495
750,2 Iowa Center,Shawnee Mission,Kansas,62157
751,3183 Gerald Park,Santa Barbara,California,26620
752,86 Ryan Center,Charlotte,North Carolina,94146
753,2689 Merry Alley,Houston,Texas,23024
754,1424 Springs Street,Portland,Oregon,61666
755,7796 Emmet Alley,Buffalo,New York,22675
756,64515 Glendale Junction,Albany,New York,43942
757,788 School Parkway,Amarillo,Texas,69500
758,94 Fairview Lane,San Francisco,California,44024
759,69 Artisan Street,Colorado Springs,Colorado,35795
760,948 Shoshone Hill,San Antonio,Texas,16229
761,41 Maryland Trail,Miami,Florida,37039
762,4 Hauk Center,New York City,New York,99470
763,5069 Armistice Trail,Inglewood,California,29693
764,0308 Gerald Place,Huntington,West Virginia,21017
765,8267 Kim Parkway,Santa Fe,New Mexico,75362
766,43502 Sachs Pass,Salem,Oregon,70501
767,1 Dahle Court,Minneapolis,Minnesota,35254
768,92323 Village Green Way,Stamford,Connecticut,40891
769,10278 Farwell Road,Honolulu,Hawaii,86811
770,25930 Johnson Park,Pueblo,Colorado,70551
771,6 Northland Junction,Lake Worth,Florida,98772
772,097 Cascade Trail,Portsmouth,Virginia,22473
773,3 Elka Court,San Luis Obispo,California,19173
774,99 Laurel Way,South Bend,Indiana,23495
775,8 Division Parkway,Baltimore,Maryland,32774
776,7 Brown Hill,Austin,Texas,45329
777,9 Westerfield Court,Davenport,Iowa,29502
778,36526 Laurel Place,Mobile,Alabama,68449
779,61 Ludington Drive,Orlando,Florida,40710
780,1 Milwaukee Park,Charlotte,North Carolina,33368
781,82 Jana Place,Mesa,Arizona,87800
782,197 Manufacturers Place,Montgomery,Alabama,65140
783,965 Del Sol Pass,Oklahoma City,Oklahoma,20511
784,14 Petterle Lane,Marietta,Georgia,20519
785,3600 Knutson Center,Largo,Florida,46326
786,3 Hoard Place,Las Vegas,Nevada,89908
787,7 Mesta Alley,Pittsburgh,Pennsylvania,43378
788,8882 Morrow Street,Kansas City,Missouri,97503
789,2 Mariners Cove Alley,Chattanooga,Tennessee,33928
790,352 Bowman Court,Pasadena,California,62191
791,32 Sloan Lane,Santa Fe,New Mexico,60649
792,3 Red Cloud Plaza,Duluth,Georgia,76677
793,285 Drewry Street,Hartford,Connecticut,84130
794,938 Heath Place,Arlington,Texas,73342
795,45506 Clove Crossing,Denver,Colorado,37964
796,0 Chive Center,Bellevue,Washington,62362
797,97 Lighthouse Bay Crossing,Pompano Beach,Florida,26753
798,47 Lighthouse Bay Parkway,Spartanburg,South Carolina,96998
799,18 Dahle Point,Orange,California,33606
800,7 Main Park,Spring,Texas,21338
801,07035 Carpenter Place,Pittsburgh,Pennsylvania,90762
802,2136 Steensland Pass,Santa Cruz,California,63958
803,27 Merrick Trail,Lexington,Kentucky,57424
804,99 Sunfield Park,Pensacola,Florida,31091
805,6 Golf Avenue,San Antonio,Texas,78998
806,49099 Carioca Road,Lansing,Michigan,61853
807,9 Maryland Hill,Norfolk,Virginia,41343
808,190 Hallows Terrace,Naperville,Illinois,20520
809,6 Katie Center,Peoria,Illinois,33338
810,295 Commercial Center,Cheyenne,Wyoming,32197
811,78102 Calypso Place,El Paso,Texas,86771
812,6254 Elmside Park,New York City,New York,85036
813,7 Northport Drive,North Little Rock,Arkansas,12506
814,28 Mayer Trail,Brockton,Massachusetts,11501
815,5697 Kennedy Parkway,Santa Fe,New Mexico,18586
816,385 Bashford Terrace,Fort Lauderdale,Florida,94431
817,7029 Upham Point,Huntington,West Virginia,33961
818,17549 Fulton Crossing,Washington,District of Columbia,78541
819,85292 Dawn Avenue,Las Vegas,Nevada,41147
820,96 Monument Avenue,Jackson,Mississippi,49528
821,6 Emmet Trail,Charlotte,North Carolina,57164
822,305 Kinsman Circle,Boston,Massachusetts,50613
823,167 Loftsgordon Court,Minneapolis,Minnesota,88042
824,17 Pankratz Way,Seattle,Washington,52685
825,036 Hovde Court,Springfield,Massachusetts,93009
826,641 Brown Park,Buffalo,New York,56247
827,3544 Lyons Junction,Santa Ana,California,82805
828,9837 Scoville Drive,Phoenix,Arizona,76176
829,2855 Gina Plaza,Modesto,California,26573
830,8 Oriole Parkway,Aiken,South Carolina,69694
831,637 Rowland Alley,Hayward,California,31715
832,64 Graceland Crossing,Detroit,Michigan,24507
833,488 Vermont Way,Atlanta,Georgia,70763
834,910 Vermont Crossing,Knoxville,Tennessee,76284
835,6 Eliot Pass,San Francisco,California,92568
836,596 Browning Pass,Tampa,Florida,57680
837,3648 Manufacturers Drive,Charleston,West Virginia,81313
838,36518 Katie Hill,Hayward,California,50111
839,077 Ruskin Drive,Green Bay,Wisconsin,85268
840,94973 Maple Wood Park,Las Vegas,Nevada,13997
841,3 Grim Plaza,Tucson,Arizona,85429
842,704 Fieldstone Lane,Carson City,Nevada,69150
843,3780 Troy Way,Palmdale,California,55511
844,0834 7th Terrace,Indianapolis,Indiana,56492
845,9946 Macpherson Street,Tacoma,Washington,11123
846,09 Novick Circle,Frederick,Maryland,52638
847,97 Manley Drive,Aurora,Illinois,39572
848,11 Raven Lane,Tulsa,Oklahoma,86705
849,7 Lillian Junction,Detroit,Michigan,23222
850,3917 Monterey Street,Richmond,Virginia,26030
851,24 Waywood Place,Lexington,Kentucky,27317
852,2964 Carpenter Park,Philadelphia,Pennsylvania,72140
853,139 Carpenter Road,Honolulu,Hawaii,52863
854,73723 Hauk Crossing,Garland,Texas,41492
855,238 Utah Plaza,Ventura,California,22280
856,5 Crowley Pass,Jacksonville,Florida,67461
857,331 Comanche Lane,Jamaica,New York,43191
858,579 Cardinal Drive,Olympia,Washington,61911
859,25602 Westport Drive,Atlanta,Georgia,70655
860,8 Hollow Ridge Alley,South Bend,Indiana,94524
861,8151 Erie Center,Littleton,Colorado,15546
862,2810 Lakewood Parkway,Lexington,Kentucky,75328
863,7578 Lighthouse Bay Crossing,Wilkes Barre,Pennsylvania,49501
864,20037 Ronald Regan Circle,Tulsa,Oklahoma,94138
865,432 Myrtle Court,Waltham,Massachusetts,70797
866,9368 Jay Circle,Austin,Texas,54045
867,87206 Evergreen Court,Louisville,Kentucky,38518
868,4918 Buell Junction,College Station,Texas,27498
869,65 Prentice Terrace,Hollywood,Florida,16737
870,9956 Karstens Plaza,Hampton,Virginia,49176
871,0053 Waubesa Park,Metairie,Louisiana,43665
872,8926 Mariners Cove Circle,Metairie,Louisiana,63760
873,73 Sage Way,Peoria,Illinois,68153
874,206 Ronald Regan Parkway,Juneau,Alaska,13455
875,92 Emmet Point,Springfield,Missouri,37370
876,8 Golden Leaf Lane,El Paso,Texas,49151
877,0 Hagan Hill,Long Beach,California,36353
878,4 Luster Park,Gastonia,North Carolina,12202
879,47989 Vera Lane,Monticello,Minnesota,25075
880,4592 Graceland Terrace,Hartford,Connecticut,56457
881,956 Vermont Avenue,Pueblo,Colorado,81503
882,051 Prairieview Plaza,Glendale,California,98423
883,1 Knutson Terrace,Anaheim,California,32339
884,40757 Green Ridge Hill,Houston,Texas,23116
885,02192 Spohn Trail,Kansas City,Missouri,71677
886,508 Glendale Center,Duluth,Minnesota,93718
887,5822 Farmco Parkway,Erie,Pennsylvania,50579
888,63 Vera Hill,Las Vegas,Nevada,43294
889,1061 Heath Avenue,Colorado Springs,Colorado,31323
890,5562 Carioca Plaza,Chicago,Illinois,96252
891,7 Bartillon Plaza,Dallas,Texas,88934
892,7157 Novick Alley,Colorado Springs,Colorado,20687
893,92704 Messerschmidt Road,San Antonio,Texas,57226
894,092 Wayridge Trail,Nashville,Tennessee,79547
895,14145 Main Court,Pasadena,California,47648
896,87232 Ilene Avenue,Brooklyn,New York,50283
897,1120 Fairview Drive,Buffalo,New York,41506
898,90122 Graedel Parkway,Miami,Florida,51071
899,587 Russell Alley,San Francisco,California,19168
900,4 Sugar Junction,Washington,District of Columbia,13845
901,2913 Thompson Court,Houston,Texas,41273
902,3642 Upham Terrace,Charlotte,North Carolina,93284
903,7 Summer Ridge Way,Washington,District of Columbia,67945
904,536 Graedel Road,Nashville,Tennessee,48463
905,75 Hayes Hill,Gatesville,Texas,93845
906,649 Transport Center,Dallas,Texas,93869
907,467 Morning Center,Santa Barbara,California,12583
908,735 Mcguire Court,Charlotte,North Carolina,27477
909,8451 Tomscot Center,Erie,Pennsylvania,30175
910,6718 Elmside Lane,Las Vegas,Nevada,21453
911,0328 Vernon Place,Columbia,South Carolina,18997
912,396 Bowman Trail,Rochester,New York,54890
913,36755 Stang Place,San Diego,California,94288
914,348 Aberg Lane,Anniston,Alabama,55484
915,260 Green Ridge Circle,Gastonia,North Carolina,99542
916,40115 Longview Junction,Houston,Texas,97970
917,19470 Thompson Avenue,Saint Louis,Missouri,22664
918,63912 Stoughton Circle,Anaheim,California,12479
919,9 Spaight Way,Fort Lauderdale,Florida,12719
920,1 Saint Paul Pass,Stamford,Connecticut,86641
921,67 Kropf Drive,Honolulu,Hawaii,37601
922,32 Monica Junction,Peoria,Illinois,26399
923,486 Claremont Lane,Elmira,New York,76279
924,423 Johnson Trail,Albany,New York,89476
925,54545 Mandrake Park,Phoenix,Arizona,95651
926,3 Lyons Drive,Anderson,South Carolina,42973
927,9 Dottie Terrace,Madison,Wisconsin,27198
928,59 Killdeer Park,Los Angeles,California,43079
929,1641 Meadow Vale Avenue,Brooklyn,New York,43994
930,01848 Onsgard Avenue,Lexington,Kentucky,24752
931,54349 Merry Court,Jeffersonville,Indiana,91226
932,274 Arizona Street,Los Angeles,California,83821
933,2 Fieldstone Alley,San Diego,California,34975
934,320 Myrtle Alley,Tucson,Arizona,58881
935,12 Oneill Alley,San Angelo,Texas,46477
936,6 Ridgeview Drive,Jamaica,New York,23667
937,6 Dakota Hill,Washington,District of Columbia,70087
938,46 American Avenue,Fargo,North Dakota,30464
939,3 Lawn Pass,Washington,District of Columbia,85336
940,29 Eggendart Crossing,Chicago,Illinois,22086
941,86 Surrey Terrace,North Hollywood,California,41762
942,585 Spenser Point,Hagerstown,Maryland,77276
943,0198 Arapahoe Trail,Charlotte,North Carolina,76336
944,1 High Crossing Avenue,Jackson,Mississippi,45485
945,4331 Columbus Hill,Los Angeles,California,26359
946,9638 Weeping Birch Alley,Norfolk,Virginia,10316
947,191 Eggendart Drive,Green Bay,Wisconsin,62012
948,65510 Canary Parkway,Lake Charles,Louisiana,38018
949,819 Bobwhite Crossing,Nashville,Tennessee,76458
950,5505 Dayton Crossing,Sacramento,California,48399
951,62 Nevada Alley,Washington,District of Columbia,51031
952,4 Birchwood Road,Topeka,Kansas,28510
953,74169 David Place,North Little Rock,Arkansas,57606
954,27437 Tennyson Lane,Miami,Florida,34009
955,5 Melrose Way,Salt Lake City,Utah,34256
956,6 Dryden Court,Birmingham,Alabama,17255
957,30 Butternut Trail,Boulder,Colorado,85324
958,2 Hansons Parkway,Spokane,Washington,40758
959,889 Bluestem Court,Austin,Texas,30881
960,9 Vidon Lane,Atlanta,Georgia,84404
961,907 Kinsman Court,Albany,New York,64676
962,8 Butternut Court,Gary,Indiana,77459
963,74692 Valley Edge Hill,Garden Grove,California,28606
964,596 Meadow Vale Drive,Dallas,Texas,60867
965,5006 Westport Point,Springfield,Missouri,66655
966,68 Forest Park,Phoenix,Arizona,99451
967,858 Sachs Lane,Myrtle Beach,South Carolina,67343
968,0 Weeping Birch Drive,Boise,Idaho,99550
969,285 Knutson Center,Montgomery,Alabama,71557
970,24659 Pierstorff Trail,Richmond,Virginia,73013
971,0 Iowa Circle,Albany,New York,16759
972,6369 Rutledge Hill,Philadelphia,Pennsylvania,77059
973,9596 3rd Crossing,Sioux Falls,South Dakota,92004
974,565 Carey Circle,New York City,New York,88122
975,7179 Orin Plaza,Des Moines,Iowa,85670
976,52466 Little Fleur Alley,Albuquerque,New Mexico,41864
977,3 Nova Center,Cincinnati,Ohio,99767
978,08 Goodland Road,Harrisburg,Pennsylvania,17701
979,66 Clove Road,Milwaukee,Wisconsin,46677
980,1092 Golden Leaf Junction,Fort Worth,Texas,78160
981,40 Ridgeway Way,Chandler,Arizona,68871
982,70 Leroy Point,Topeka,Kansas,78624
983,742 Truax Plaza,Atlanta,Georgia,33330
984,7 Rutledge Trail,Pensacola,Florida,83121
985,32 Mayer Street,Cincinnati,Ohio,45161
986,95436 Shelley Terrace,Charlotte,North Carolina,59302
987,7 Sage Crossing,Syracuse,New York,44130
988,11697 Kenwood Place,Staten Island,New York,45423
989,90051 Northwestern Point,Phoenix,Arizona,69974
990,225 Graceland Circle,Prescott,Arizona,52723
991,5570 Melody Court,Des Moines,Iowa,81873
992,721 8th Plaza,Los Angeles,California,59721
993,278 Marquette Terrace,Baltimore,Maryland,34402
994,45636 Pond Trail,Kansas City,Missouri,53679
995,864 Holmberg Alley,Tulsa,Oklahoma,62488
996,498 Mitchell Lane,Allentown,Pennsylvania,12622
997,120 Briar Crest Lane,Minneapolis,Minnesota,61650
998,9384 Monterey Plaza,Phoenix,Arizona,45746
999,80 Pankratz Terrace,Winter Haven,Florida,10453
1000,05849 Gina Parkway,Washington,District of Columbia,15236
