Id,Uri,ProductId
1,http://dummyimage.com/111x233.png/dddddd/000000,1
2,http://dummyimage.com/204x128.png/ff4444/ffffff,2
3,http://dummyimage.com/173x137.png/dddddd/000000,3
4,http://dummyimage.com/185x124.png/ff4444/ffffff,4
5,http://dummyimage.com/109x143.png/ff4444/ffffff,5
6,http://dummyimage.com/125x230.png/5fa2dd/ffffff,6
7,http://dummyimage.com/242x237.png/5fa2dd/ffffff,7
8,http://dummyimage.com/122x233.png/5fa2dd/ffffff,8
9,http://dummyimage.com/246x226.png/5fa2dd/ffffff,9
10,http://dummyimage.com/196x166.png/ff4444/ffffff,10
11,http://dummyimage.com/237x202.png/dddddd/000000,11
12,http://dummyimage.com/184x180.png/ff4444/ffffff,12
13,http://dummyimage.com/228x189.png/dddddd/000000,13
14,http://dummyimage.com/215x123.png/dddddd/000000,14
15,http://dummyimage.com/207x187.png/ff4444/ffffff,15
16,http://dummyimage.com/229x186.png/cc0000/ffffff,16
17,http://dummyimage.com/221x216.png/ff4444/ffffff,17
18,http://dummyimage.com/165x239.png/dddddd/000000,18
19,http://dummyimage.com/102x242.png/dddddd/000000,19
20,http://dummyimage.com/140x135.png/cc0000/ffffff,20
21,http://dummyimage.com/228x183.png/5fa2dd/ffffff,21
22,http://dummyimage.com/169x220.png/cc0000/ffffff,22
23,http://dummyimage.com/195x181.png/dddddd/000000,23
24,http://dummyimage.com/229x171.png/5fa2dd/ffffff,24
25,http://dummyimage.com/163x120.png/cc0000/ffffff,25
26,http://dummyimage.com/231x205.png/cc0000/ffffff,26
27,http://dummyimage.com/125x182.png/5fa2dd/ffffff,27
28,http://dummyimage.com/153x208.png/5fa2dd/ffffff,28
29,http://dummyimage.com/190x158.png/cc0000/ffffff,29
30,http://dummyimage.com/161x129.png/dddddd/000000,30
31,http://dummyimage.com/197x156.png/5fa2dd/ffffff,31
32,http://dummyimage.com/242x173.png/cc0000/ffffff,32
33,http://dummyimage.com/115x227.png/5fa2dd/ffffff,33
34,http://dummyimage.com/247x199.png/cc0000/ffffff,34
35,http://dummyimage.com/113x199.png/5fa2dd/ffffff,35
36,http://dummyimage.com/192x189.png/cc0000/ffffff,36
37,http://dummyimage.com/212x236.png/cc0000/ffffff,37
38,http://dummyimage.com/134x133.png/cc0000/ffffff,38
39,http://dummyimage.com/137x193.png/dddddd/000000,39
40,http://dummyimage.com/115x110.png/5fa2dd/ffffff,40
41,http://dummyimage.com/227x141.png/dddddd/000000,41
42,http://dummyimage.com/219x226.png/5fa2dd/ffffff,42
43,http://dummyimage.com/127x180.png/cc0000/ffffff,43
44,http://dummyimage.com/143x174.png/cc0000/ffffff,44
45,http://dummyimage.com/232x113.png/ff4444/ffffff,45
46,http://dummyimage.com/142x113.png/ff4444/ffffff,46
47,http://dummyimage.com/227x154.png/dddddd/000000,47
48,http://dummyimage.com/175x204.png/5fa2dd/ffffff,48
49,http://dummyimage.com/113x146.png/ff4444/ffffff,49
50,http://dummyimage.com/132x231.png/ff4444/ffffff,50
51,http://dummyimage.com/145x145.png/5fa2dd/ffffff,51
52,http://dummyimage.com/188x172.png/cc0000/ffffff,52
53,http://dummyimage.com/126x129.png/5fa2dd/ffffff,53
54,http://dummyimage.com/176x219.png/cc0000/ffffff,54
55,http://dummyimage.com/174x118.png/ff4444/ffffff,55
56,http://dummyimage.com/134x188.png/5fa2dd/ffffff,56
57,http://dummyimage.com/117x133.png/dddddd/000000,57
58,http://dummyimage.com/166x115.png/ff4444/ffffff,58
59,http://dummyimage.com/152x123.png/dddddd/000000,59
60,http://dummyimage.com/125x194.png/cc0000/ffffff,60
61,http://dummyimage.com/169x226.png/cc0000/ffffff,61
62,http://dummyimage.com/106x141.png/ff4444/ffffff,62
63,http://dummyimage.com/205x248.png/5fa2dd/ffffff,63
64,http://dummyimage.com/144x243.png/dddddd/000000,64
65,http://dummyimage.com/198x202.png/5fa2dd/ffffff,65
66,http://dummyimage.com/116x161.png/5fa2dd/ffffff,66
67,http://dummyimage.com/126x184.png/cc0000/ffffff,67
68,http://dummyimage.com/106x175.png/cc0000/ffffff,68
69,http://dummyimage.com/217x237.png/dddddd/000000,69
70,http://dummyimage.com/150x232.png/5fa2dd/ffffff,70
71,http://dummyimage.com/247x159.png/dddddd/000000,71
72,http://dummyimage.com/220x143.png/cc0000/ffffff,72
73,http://dummyimage.com/105x118.png/ff4444/ffffff,73
74,http://dummyimage.com/247x176.png/dddddd/000000,74
75,http://dummyimage.com/106x179.png/ff4444/ffffff,75
76,http://dummyimage.com/133x144.png/ff4444/ffffff,76
77,http://dummyimage.com/180x226.png/dddddd/000000,77
78,http://dummyimage.com/140x247.png/5fa2dd/ffffff,78
79,http://dummyimage.com/242x150.png/cc0000/ffffff,79
80,http://dummyimage.com/150x231.png/dddddd/000000,80
81,http://dummyimage.com/113x114.png/ff4444/ffffff,81
82,http://dummyimage.com/178x105.png/cc0000/ffffff,82
83,http://dummyimage.com/118x117.png/dddddd/000000,83
84,http://dummyimage.com/206x159.png/dddddd/000000,84
85,http://dummyimage.com/156x165.png/dddddd/000000,85
86,http://dummyimage.com/133x143.png/cc0000/ffffff,86
87,http://dummyimage.com/110x228.png/dddddd/000000,87
88,http://dummyimage.com/182x152.png/cc0000/ffffff,88
89,http://dummyimage.com/135x202.png/dddddd/000000,89
90,http://dummyimage.com/240x175.png/cc0000/ffffff,90
91,http://dummyimage.com/230x197.png/5fa2dd/ffffff,91
92,http://dummyimage.com/201x129.png/5fa2dd/ffffff,92
93,http://dummyimage.com/119x246.png/dddddd/000000,93
94,http://dummyimage.com/166x232.png/dddddd/000000,94
95,http://dummyimage.com/168x144.png/cc0000/ffffff,95
96,http://dummyimage.com/223x172.png/5fa2dd/ffffff,96
97,http://dummyimage.com/178x199.png/dddddd/000000,97
98,http://dummyimage.com/236x232.png/ff4444/ffffff,98
99,http://dummyimage.com/209x128.png/ff4444/ffffff,99
100,http://dummyimage.com/146x104.png/ff4444/ffffff,100
101,http://dummyimage.com/235x222.png/dddddd/000000,101
102,http://dummyimage.com/182x232.png/5fa2dd/ffffff,102
103,http://dummyimage.com/173x127.png/ff4444/ffffff,103
104,http://dummyimage.com/186x171.png/dddddd/000000,104
105,http://dummyimage.com/152x165.png/cc0000/ffffff,105
106,http://dummyimage.com/179x125.png/cc0000/ffffff,106
107,http://dummyimage.com/171x244.png/ff4444/ffffff,107
108,http://dummyimage.com/107x217.png/dddddd/000000,108
109,http://dummyimage.com/186x210.png/ff4444/ffffff,109
110,http://dummyimage.com/196x152.png/cc0000/ffffff,110
111,http://dummyimage.com/212x127.png/cc0000/ffffff,111
112,http://dummyimage.com/179x181.png/dddddd/000000,112
113,http://dummyimage.com/180x140.png/cc0000/ffffff,113
114,http://dummyimage.com/223x209.png/ff4444/ffffff,114
115,http://dummyimage.com/238x231.png/cc0000/ffffff,115
116,http://dummyimage.com/172x186.png/dddddd/000000,116
117,http://dummyimage.com/213x171.png/dddddd/000000,117
118,http://dummyimage.com/196x142.png/ff4444/ffffff,118
119,http://dummyimage.com/170x130.png/dddddd/000000,119
120,http://dummyimage.com/198x223.png/cc0000/ffffff,120
121,http://dummyimage.com/204x188.png/cc0000/ffffff,121
122,http://dummyimage.com/126x125.png/cc0000/ffffff,122
123,http://dummyimage.com/137x112.png/cc0000/ffffff,123
124,http://dummyimage.com/126x184.png/cc0000/ffffff,124
125,http://dummyimage.com/170x159.png/5fa2dd/ffffff,125
126,http://dummyimage.com/140x228.png/5fa2dd/ffffff,126
127,http://dummyimage.com/176x168.png/ff4444/ffffff,127
128,http://dummyimage.com/107x175.png/5fa2dd/ffffff,128
129,http://dummyimage.com/228x189.png/5fa2dd/ffffff,129
130,http://dummyimage.com/122x239.png/5fa2dd/ffffff,130
131,http://dummyimage.com/213x207.png/dddddd/000000,131
132,http://dummyimage.com/119x198.png/5fa2dd/ffffff,132
133,http://dummyimage.com/147x144.png/ff4444/ffffff,133
134,http://dummyimage.com/121x184.png/ff4444/ffffff,134
135,http://dummyimage.com/212x225.png/5fa2dd/ffffff,135
136,http://dummyimage.com/130x196.png/ff4444/ffffff,136
137,http://dummyimage.com/248x240.png/dddddd/000000,137
138,http://dummyimage.com/167x169.png/ff4444/ffffff,138
139,http://dummyimage.com/173x140.png/dddddd/000000,139
140,http://dummyimage.com/173x107.png/dddddd/000000,140
141,http://dummyimage.com/218x235.png/cc0000/ffffff,141
142,http://dummyimage.com/191x205.png/ff4444/ffffff,142
143,http://dummyimage.com/243x188.png/ff4444/ffffff,143
144,http://dummyimage.com/166x213.png/5fa2dd/ffffff,144
145,http://dummyimage.com/157x220.png/cc0000/ffffff,145
146,http://dummyimage.com/144x111.png/ff4444/ffffff,146
147,http://dummyimage.com/151x173.png/5fa2dd/ffffff,147
148,http://dummyimage.com/212x231.png/dddddd/000000,148
149,http://dummyimage.com/187x220.png/5fa2dd/ffffff,149
150,http://dummyimage.com/122x192.png/cc0000/ffffff,150
151,http://dummyimage.com/235x230.png/ff4444/ffffff,151
152,http://dummyimage.com/201x138.png/5fa2dd/ffffff,152
153,http://dummyimage.com/210x178.png/5fa2dd/ffffff,153
154,http://dummyimage.com/220x119.png/cc0000/ffffff,154
155,http://dummyimage.com/133x238.png/dddddd/000000,155
156,http://dummyimage.com/171x150.png/5fa2dd/ffffff,156
157,http://dummyimage.com/228x211.png/ff4444/ffffff,157
158,http://dummyimage.com/206x243.png/5fa2dd/ffffff,158
159,http://dummyimage.com/193x117.png/ff4444/ffffff,159
160,http://dummyimage.com/169x141.png/5fa2dd/ffffff,160
161,http://dummyimage.com/219x191.png/ff4444/ffffff,161
162,http://dummyimage.com/230x197.png/dddddd/000000,162
163,http://dummyimage.com/183x199.png/5fa2dd/ffffff,163
164,http://dummyimage.com/215x100.png/cc0000/ffffff,164
165,http://dummyimage.com/127x108.png/dddddd/000000,165
166,http://dummyimage.com/126x217.png/cc0000/ffffff,166
167,http://dummyimage.com/163x112.png/5fa2dd/ffffff,167
168,http://dummyimage.com/166x211.png/ff4444/ffffff,168
169,http://dummyimage.com/239x199.png/5fa2dd/ffffff,169
170,http://dummyimage.com/217x163.png/ff4444/ffffff,170
171,http://dummyimage.com/143x191.png/5fa2dd/ffffff,171
172,http://dummyimage.com/105x245.png/5fa2dd/ffffff,172
173,http://dummyimage.com/179x104.png/5fa2dd/ffffff,173
174,http://dummyimage.com/142x170.png/5fa2dd/ffffff,174
175,http://dummyimage.com/152x164.png/5fa2dd/ffffff,175
176,http://dummyimage.com/202x191.png/cc0000/ffffff,176
177,http://dummyimage.com/118x126.png/ff4444/ffffff,177
178,http://dummyimage.com/242x117.png/cc0000/ffffff,178
179,http://dummyimage.com/239x110.png/ff4444/ffffff,179
180,http://dummyimage.com/119x104.png/dddddd/000000,180
181,http://dummyimage.com/220x179.png/5fa2dd/ffffff,181
182,http://dummyimage.com/212x161.png/dddddd/000000,182
183,http://dummyimage.com/190x121.png/dddddd/000000,183
184,http://dummyimage.com/144x190.png/ff4444/ffffff,184
185,http://dummyimage.com/214x215.png/ff4444/ffffff,185
186,http://dummyimage.com/175x206.png/cc0000/ffffff,186
187,http://dummyimage.com/176x116.png/ff4444/ffffff,187
188,http://dummyimage.com/198x241.png/cc0000/ffffff,188
189,http://dummyimage.com/169x178.png/5fa2dd/ffffff,189
190,http://dummyimage.com/154x212.png/dddddd/000000,190
191,http://dummyimage.com/164x242.png/5fa2dd/ffffff,191
192,http://dummyimage.com/145x194.png/ff4444/ffffff,192
193,http://dummyimage.com/192x127.png/ff4444/ffffff,193
194,http://dummyimage.com/155x148.png/5fa2dd/ffffff,194
195,http://dummyimage.com/223x146.png/ff4444/ffffff,195
196,http://dummyimage.com/222x114.png/dddddd/000000,196
197,http://dummyimage.com/147x239.png/ff4444/ffffff,197
198,http://dummyimage.com/216x219.png/dddddd/000000,198
199,http://dummyimage.com/233x157.png/ff4444/ffffff,199
200,http://dummyimage.com/164x104.png/ff4444/ffffff,200
201,http://dummyimage.com/211x182.png/cc0000/ffffff,201
202,http://dummyimage.com/163x178.png/cc0000/ffffff,202
203,http://dummyimage.com/153x225.png/ff4444/ffffff,203
204,http://dummyimage.com/153x216.png/cc0000/ffffff,204
205,http://dummyimage.com/166x107.png/5fa2dd/ffffff,205
206,http://dummyimage.com/132x183.png/cc0000/ffffff,206
207,http://dummyimage.com/111x124.png/5fa2dd/ffffff,207
208,http://dummyimage.com/240x191.png/5fa2dd/ffffff,208
209,http://dummyimage.com/143x163.png/ff4444/ffffff,209
210,http://dummyimage.com/217x104.png/ff4444/ffffff,210
211,http://dummyimage.com/228x195.png/dddddd/000000,211
212,http://dummyimage.com/210x224.png/cc0000/ffffff,212
213,http://dummyimage.com/235x143.png/ff4444/ffffff,213
214,http://dummyimage.com/134x148.png/5fa2dd/ffffff,214
215,http://dummyimage.com/196x172.png/cc0000/ffffff,215
216,http://dummyimage.com/124x189.png/cc0000/ffffff,216
217,http://dummyimage.com/184x120.png/cc0000/ffffff,217
218,http://dummyimage.com/248x106.png/5fa2dd/ffffff,218
219,http://dummyimage.com/121x186.png/cc0000/ffffff,219
220,http://dummyimage.com/140x107.png/cc0000/ffffff,220
221,http://dummyimage.com/129x100.png/5fa2dd/ffffff,221
222,http://dummyimage.com/140x158.png/5fa2dd/ffffff,222
223,http://dummyimage.com/159x181.png/cc0000/ffffff,223
224,http://dummyimage.com/114x163.png/5fa2dd/ffffff,224
225,http://dummyimage.com/193x131.png/ff4444/ffffff,225
226,http://dummyimage.com/161x120.png/ff4444/ffffff,226
227,http://dummyimage.com/165x213.png/cc0000/ffffff,227
228,http://dummyimage.com/123x175.png/ff4444/ffffff,228
229,http://dummyimage.com/167x218.png/ff4444/ffffff,229
230,http://dummyimage.com/224x195.png/ff4444/ffffff,230
231,http://dummyimage.com/151x131.png/5fa2dd/ffffff,231
232,http://dummyimage.com/133x160.png/ff4444/ffffff,232
233,http://dummyimage.com/216x219.png/ff4444/ffffff,233
234,http://dummyimage.com/238x109.png/ff4444/ffffff,234
235,http://dummyimage.com/195x122.png/cc0000/ffffff,235
236,http://dummyimage.com/231x224.png/5fa2dd/ffffff,236
237,http://dummyimage.com/234x123.png/5fa2dd/ffffff,237
238,http://dummyimage.com/173x249.png/cc0000/ffffff,238
239,http://dummyimage.com/182x170.png/5fa2dd/ffffff,239
240,http://dummyimage.com/150x238.png/5fa2dd/ffffff,240
241,http://dummyimage.com/244x217.png/cc0000/ffffff,241
242,http://dummyimage.com/205x106.png/5fa2dd/ffffff,242
243,http://dummyimage.com/153x231.png/cc0000/ffffff,243
244,http://dummyimage.com/160x235.png/ff4444/ffffff,244
245,http://dummyimage.com/109x119.png/ff4444/ffffff,245
246,http://dummyimage.com/147x105.png/5fa2dd/ffffff,246
247,http://dummyimage.com/178x216.png/ff4444/ffffff,247
248,http://dummyimage.com/184x231.png/ff4444/ffffff,248
249,http://dummyimage.com/178x194.png/cc0000/ffffff,249
250,http://dummyimage.com/227x112.png/ff4444/ffffff,250
251,http://dummyimage.com/217x216.png/cc0000/ffffff,251
252,http://dummyimage.com/106x247.png/dddddd/000000,252
253,http://dummyimage.com/170x135.png/dddddd/000000,253
254,http://dummyimage.com/244x158.png/5fa2dd/ffffff,254
255,http://dummyimage.com/146x167.png/ff4444/ffffff,255
256,http://dummyimage.com/248x169.png/ff4444/ffffff,256
257,http://dummyimage.com/113x233.png/ff4444/ffffff,257
258,http://dummyimage.com/130x141.png/cc0000/ffffff,258
259,http://dummyimage.com/169x205.png/dddddd/000000,259
260,http://dummyimage.com/210x201.png/5fa2dd/ffffff,260
261,http://dummyimage.com/239x229.png/dddddd/000000,261
262,http://dummyimage.com/128x177.png/dddddd/000000,262
263,http://dummyimage.com/130x248.png/5fa2dd/ffffff,263
264,http://dummyimage.com/121x222.png/cc0000/ffffff,264
265,http://dummyimage.com/122x223.png/dddddd/000000,265
266,http://dummyimage.com/215x223.png/5fa2dd/ffffff,266
267,http://dummyimage.com/211x162.png/5fa2dd/ffffff,267
268,http://dummyimage.com/223x158.png/dddddd/000000,268
269,http://dummyimage.com/124x125.png/ff4444/ffffff,269
270,http://dummyimage.com/109x217.png/ff4444/ffffff,270
271,http://dummyimage.com/248x111.png/ff4444/ffffff,271
272,http://dummyimage.com/182x213.png/cc0000/ffffff,272
273,http://dummyimage.com/214x186.png/cc0000/ffffff,273
274,http://dummyimage.com/175x133.png/ff4444/ffffff,274
275,http://dummyimage.com/130x248.png/5fa2dd/ffffff,275
276,http://dummyimage.com/206x224.png/ff4444/ffffff,276
277,http://dummyimage.com/250x102.png/cc0000/ffffff,277
278,http://dummyimage.com/227x236.png/dddddd/000000,278
279,http://dummyimage.com/146x104.png/cc0000/ffffff,279
280,http://dummyimage.com/153x190.png/dddddd/000000,280
281,http://dummyimage.com/204x232.png/5fa2dd/ffffff,281
282,http://dummyimage.com/116x120.png/cc0000/ffffff,282
283,http://dummyimage.com/170x180.png/5fa2dd/ffffff,283
284,http://dummyimage.com/172x112.png/5fa2dd/ffffff,284
285,http://dummyimage.com/214x185.png/ff4444/ffffff,285
286,http://dummyimage.com/199x225.png/5fa2dd/ffffff,286
287,http://dummyimage.com/231x151.png/cc0000/ffffff,287
288,http://dummyimage.com/230x226.png/5fa2dd/ffffff,288
289,http://dummyimage.com/190x112.png/dddddd/000000,289
290,http://dummyimage.com/226x244.png/ff4444/ffffff,290
291,http://dummyimage.com/188x144.png/cc0000/ffffff,291
292,http://dummyimage.com/192x213.png/5fa2dd/ffffff,292
293,http://dummyimage.com/210x196.png/5fa2dd/ffffff,293
294,http://dummyimage.com/106x160.png/cc0000/ffffff,294
295,http://dummyimage.com/204x213.png/dddddd/000000,295
296,http://dummyimage.com/242x173.png/5fa2dd/ffffff,296
297,http://dummyimage.com/241x192.png/cc0000/ffffff,297
298,http://dummyimage.com/232x125.png/5fa2dd/ffffff,298
299,http://dummyimage.com/111x187.png/5fa2dd/ffffff,299
300,http://dummyimage.com/193x219.png/5fa2dd/ffffff,300
301,http://dummyimage.com/158x102.png/dddddd/000000,301
302,http://dummyimage.com/143x249.png/ff4444/ffffff,302
303,http://dummyimage.com/112x250.png/ff4444/ffffff,303
304,http://dummyimage.com/160x150.png/cc0000/ffffff,304
305,http://dummyimage.com/201x185.png/dddddd/000000,305
306,http://dummyimage.com/186x241.png/dddddd/000000,306
307,http://dummyimage.com/147x192.png/ff4444/ffffff,307
308,http://dummyimage.com/164x127.png/ff4444/ffffff,308
309,http://dummyimage.com/101x152.png/cc0000/ffffff,309
310,http://dummyimage.com/238x194.png/cc0000/ffffff,310
311,http://dummyimage.com/142x105.png/5fa2dd/ffffff,311
312,http://dummyimage.com/177x250.png/ff4444/ffffff,312
313,http://dummyimage.com/169x102.png/ff4444/ffffff,313
314,http://dummyimage.com/136x206.png/ff4444/ffffff,314
315,http://dummyimage.com/197x191.png/5fa2dd/ffffff,315
316,http://dummyimage.com/120x193.png/dddddd/000000,316
317,http://dummyimage.com/131x100.png/ff4444/ffffff,317
318,http://dummyimage.com/163x217.png/cc0000/ffffff,318
319,http://dummyimage.com/193x188.png/dddddd/000000,319
320,http://dummyimage.com/113x240.png/dddddd/000000,320
321,http://dummyimage.com/177x228.png/ff4444/ffffff,321
322,http://dummyimage.com/150x114.png/5fa2dd/ffffff,322
323,http://dummyimage.com/162x162.png/ff4444/ffffff,323
324,http://dummyimage.com/236x150.png/5fa2dd/ffffff,324
325,http://dummyimage.com/118x238.png/cc0000/ffffff,325
326,http://dummyimage.com/228x190.png/dddddd/000000,326
327,http://dummyimage.com/104x249.png/cc0000/ffffff,327
328,http://dummyimage.com/229x236.png/5fa2dd/ffffff,328
329,http://dummyimage.com/150x192.png/5fa2dd/ffffff,329
330,http://dummyimage.com/180x234.png/cc0000/ffffff,330
331,http://dummyimage.com/249x183.png/cc0000/ffffff,331
332,http://dummyimage.com/236x112.png/5fa2dd/ffffff,332
333,http://dummyimage.com/161x221.png/5fa2dd/ffffff,333
334,http://dummyimage.com/221x220.png/cc0000/ffffff,334
335,http://dummyimage.com/125x108.png/dddddd/000000,335
336,http://dummyimage.com/192x191.png/dddddd/000000,336
337,http://dummyimage.com/140x220.png/5fa2dd/ffffff,337
338,http://dummyimage.com/219x110.png/5fa2dd/ffffff,338
339,http://dummyimage.com/205x203.png/5fa2dd/ffffff,339
340,http://dummyimage.com/234x212.png/ff4444/ffffff,340
341,http://dummyimage.com/170x229.png/dddddd/000000,341
342,http://dummyimage.com/186x139.png/ff4444/ffffff,342
343,http://dummyimage.com/161x201.png/cc0000/ffffff,343
344,http://dummyimage.com/237x111.png/dddddd/000000,344
345,http://dummyimage.com/106x150.png/cc0000/ffffff,345
346,http://dummyimage.com/242x202.png/ff4444/ffffff,346
347,http://dummyimage.com/223x246.png/5fa2dd/ffffff,347
348,http://dummyimage.com/231x207.png/5fa2dd/ffffff,348
349,http://dummyimage.com/164x178.png/cc0000/ffffff,349
350,http://dummyimage.com/131x204.png/cc0000/ffffff,350
351,http://dummyimage.com/194x139.png/5fa2dd/ffffff,351
352,http://dummyimage.com/131x249.png/cc0000/ffffff,352
353,http://dummyimage.com/213x182.png/dddddd/000000,353
354,http://dummyimage.com/156x202.png/ff4444/ffffff,354
355,http://dummyimage.com/218x231.png/cc0000/ffffff,355
356,http://dummyimage.com/203x223.png/ff4444/ffffff,356
357,http://dummyimage.com/160x160.png/cc0000/ffffff,357
358,http://dummyimage.com/230x122.png/cc0000/ffffff,358
359,http://dummyimage.com/113x244.png/cc0000/ffffff,359
360,http://dummyimage.com/244x236.png/5fa2dd/ffffff,360
361,http://dummyimage.com/161x247.png/cc0000/ffffff,361
362,http://dummyimage.com/111x242.png/ff4444/ffffff,362
363,http://dummyimage.com/238x179.png/cc0000/ffffff,363
364,http://dummyimage.com/110x214.png/ff4444/ffffff,364
365,http://dummyimage.com/100x232.png/cc0000/ffffff,365
366,http://dummyimage.com/143x139.png/cc0000/ffffff,366
367,http://dummyimage.com/192x116.png/ff4444/ffffff,367
368,http://dummyimage.com/122x197.png/cc0000/ffffff,368
369,http://dummyimage.com/236x134.png/5fa2dd/ffffff,369
370,http://dummyimage.com/241x227.png/cc0000/ffffff,370
371,http://dummyimage.com/182x197.png/dddddd/000000,371
372,http://dummyimage.com/158x189.png/ff4444/ffffff,372
373,http://dummyimage.com/159x176.png/5fa2dd/ffffff,373
374,http://dummyimage.com/100x139.png/dddddd/000000,374
375,http://dummyimage.com/100x203.png/dddddd/000000,375
376,http://dummyimage.com/146x186.png/cc0000/ffffff,376
377,http://dummyimage.com/201x148.png/dddddd/000000,377
378,http://dummyimage.com/203x125.png/ff4444/ffffff,378
379,http://dummyimage.com/131x150.png/5fa2dd/ffffff,379
380,http://dummyimage.com/229x172.png/5fa2dd/ffffff,380
381,http://dummyimage.com/223x186.png/cc0000/ffffff,381
382,http://dummyimage.com/131x159.png/dddddd/000000,382
383,http://dummyimage.com/228x239.png/cc0000/ffffff,383
384,http://dummyimage.com/108x213.png/cc0000/ffffff,384
385,http://dummyimage.com/249x207.png/5fa2dd/ffffff,385
386,http://dummyimage.com/200x146.png/5fa2dd/ffffff,386
387,http://dummyimage.com/223x113.png/dddddd/000000,387
388,http://dummyimage.com/235x160.png/cc0000/ffffff,388
389,http://dummyimage.com/109x174.png/5fa2dd/ffffff,389
390,http://dummyimage.com/170x248.png/5fa2dd/ffffff,390
391,http://dummyimage.com/189x119.png/dddddd/000000,391
392,http://dummyimage.com/164x130.png/5fa2dd/ffffff,392
393,http://dummyimage.com/198x108.png/cc0000/ffffff,393
394,http://dummyimage.com/177x233.png/cc0000/ffffff,394
395,http://dummyimage.com/143x155.png/5fa2dd/ffffff,395
396,http://dummyimage.com/109x102.png/5fa2dd/ffffff,396
397,http://dummyimage.com/199x246.png/cc0000/ffffff,397
398,http://dummyimage.com/195x250.png/dddddd/000000,398
399,http://dummyimage.com/232x239.png/5fa2dd/ffffff,399
400,http://dummyimage.com/116x221.png/dddddd/000000,400
401,http://dummyimage.com/205x163.png/ff4444/ffffff,401
402,http://dummyimage.com/176x108.png/dddddd/000000,402
403,http://dummyimage.com/190x105.png/cc0000/ffffff,403
404,http://dummyimage.com/119x149.png/cc0000/ffffff,404
405,http://dummyimage.com/150x193.png/ff4444/ffffff,405
406,http://dummyimage.com/238x164.png/5fa2dd/ffffff,406
407,http://dummyimage.com/238x196.png/ff4444/ffffff,407
408,http://dummyimage.com/139x153.png/cc0000/ffffff,408
409,http://dummyimage.com/140x140.png/ff4444/ffffff,409
410,http://dummyimage.com/159x110.png/5fa2dd/ffffff,410
411,http://dummyimage.com/112x166.png/5fa2dd/ffffff,411
412,http://dummyimage.com/129x249.png/5fa2dd/ffffff,412
413,http://dummyimage.com/192x157.png/ff4444/ffffff,413
414,http://dummyimage.com/123x111.png/cc0000/ffffff,414
415,http://dummyimage.com/246x174.png/dddddd/000000,415
416,http://dummyimage.com/230x198.png/cc0000/ffffff,416
417,http://dummyimage.com/117x118.png/5fa2dd/ffffff,417
418,http://dummyimage.com/250x136.png/dddddd/000000,418
419,http://dummyimage.com/108x156.png/cc0000/ffffff,419
420,http://dummyimage.com/123x196.png/ff4444/ffffff,420
421,http://dummyimage.com/129x248.png/cc0000/ffffff,421
422,http://dummyimage.com/129x169.png/cc0000/ffffff,422
423,http://dummyimage.com/174x195.png/5fa2dd/ffffff,423
424,http://dummyimage.com/181x177.png/5fa2dd/ffffff,424
425,http://dummyimage.com/199x163.png/cc0000/ffffff,425
426,http://dummyimage.com/115x137.png/ff4444/ffffff,426
427,http://dummyimage.com/177x147.png/ff4444/ffffff,427
428,http://dummyimage.com/247x194.png/ff4444/ffffff,428
429,http://dummyimage.com/237x137.png/dddddd/000000,429
430,http://dummyimage.com/218x229.png/dddddd/000000,430
431,http://dummyimage.com/217x169.png/5fa2dd/ffffff,431
432,http://dummyimage.com/138x145.png/dddddd/000000,432
433,http://dummyimage.com/103x135.png/5fa2dd/ffffff,433
434,http://dummyimage.com/219x103.png/cc0000/ffffff,434
435,http://dummyimage.com/205x241.png/5fa2dd/ffffff,435
436,http://dummyimage.com/137x160.png/ff4444/ffffff,436
437,http://dummyimage.com/221x105.png/5fa2dd/ffffff,437
438,http://dummyimage.com/175x247.png/ff4444/ffffff,438
439,http://dummyimage.com/205x229.png/ff4444/ffffff,439
440,http://dummyimage.com/204x206.png/dddddd/000000,440
441,http://dummyimage.com/102x115.png/5fa2dd/ffffff,441
442,http://dummyimage.com/113x170.png/dddddd/000000,442
443,http://dummyimage.com/169x161.png/dddddd/000000,443
444,http://dummyimage.com/136x131.png/5fa2dd/ffffff,444
445,http://dummyimage.com/214x131.png/ff4444/ffffff,445
446,http://dummyimage.com/203x201.png/5fa2dd/ffffff,446
447,http://dummyimage.com/171x243.png/dddddd/000000,447
448,http://dummyimage.com/232x139.png/cc0000/ffffff,448
449,http://dummyimage.com/211x161.png/5fa2dd/ffffff,449
450,http://dummyimage.com/184x115.png/cc0000/ffffff,450
451,http://dummyimage.com/202x142.png/cc0000/ffffff,451
452,http://dummyimage.com/216x179.png/ff4444/ffffff,452
453,http://dummyimage.com/195x188.png/5fa2dd/ffffff,453
454,http://dummyimage.com/135x201.png/cc0000/ffffff,454
455,http://dummyimage.com/158x129.png/dddddd/000000,455
456,http://dummyimage.com/247x149.png/dddddd/000000,456
457,http://dummyimage.com/211x235.png/ff4444/ffffff,457
458,http://dummyimage.com/105x101.png/5fa2dd/ffffff,458
459,http://dummyimage.com/193x213.png/5fa2dd/ffffff,459
460,http://dummyimage.com/158x115.png/ff4444/ffffff,460
461,http://dummyimage.com/122x221.png/cc0000/ffffff,461
462,http://dummyimage.com/106x171.png/dddddd/000000,462
463,http://dummyimage.com/209x241.png/cc0000/ffffff,463
464,http://dummyimage.com/164x172.png/5fa2dd/ffffff,464
465,http://dummyimage.com/236x206.png/cc0000/ffffff,465
466,http://dummyimage.com/168x166.png/cc0000/ffffff,466
467,http://dummyimage.com/112x230.png/ff4444/ffffff,467
468,http://dummyimage.com/180x173.png/5fa2dd/ffffff,468
469,http://dummyimage.com/224x216.png/5fa2dd/ffffff,469
470,http://dummyimage.com/172x242.png/dddddd/000000,470
471,http://dummyimage.com/191x195.png/dddddd/000000,471
472,http://dummyimage.com/122x204.png/dddddd/000000,472
473,http://dummyimage.com/124x204.png/cc0000/ffffff,473
474,http://dummyimage.com/226x244.png/5fa2dd/ffffff,474
475,http://dummyimage.com/148x181.png/dddddd/000000,475
476,http://dummyimage.com/250x211.png/5fa2dd/ffffff,476
477,http://dummyimage.com/184x101.png/5fa2dd/ffffff,477
478,http://dummyimage.com/224x192.png/5fa2dd/ffffff,478
479,http://dummyimage.com/208x207.png/ff4444/ffffff,479
480,http://dummyimage.com/193x126.png/cc0000/ffffff,480
481,http://dummyimage.com/250x137.png/cc0000/ffffff,481
482,http://dummyimage.com/232x248.png/5fa2dd/ffffff,482
483,http://dummyimage.com/147x181.png/dddddd/000000,483
484,http://dummyimage.com/222x205.png/5fa2dd/ffffff,484
485,http://dummyimage.com/249x107.png/ff4444/ffffff,485
486,http://dummyimage.com/212x246.png/cc0000/ffffff,486
487,http://dummyimage.com/116x222.png/5fa2dd/ffffff,487
488,http://dummyimage.com/238x128.png/5fa2dd/ffffff,488
489,http://dummyimage.com/237x143.png/dddddd/000000,489
490,http://dummyimage.com/104x226.png/cc0000/ffffff,490
491,http://dummyimage.com/106x133.png/ff4444/ffffff,491
492,http://dummyimage.com/233x206.png/ff4444/ffffff,492
493,http://dummyimage.com/147x240.png/dddddd/000000,493
494,http://dummyimage.com/112x179.png/dddddd/000000,494
495,http://dummyimage.com/191x125.png/cc0000/ffffff,495
496,http://dummyimage.com/151x210.png/ff4444/ffffff,496
497,http://dummyimage.com/250x183.png/5fa2dd/ffffff,497
498,http://dummyimage.com/116x227.png/ff4444/ffffff,498
499,http://dummyimage.com/199x192.png/ff4444/ffffff,499
500,http://dummyimage.com/192x237.png/cc0000/ffffff,500
501,http://dummyimage.com/231x207.png/ff4444/ffffff,501
502,http://dummyimage.com/216x204.png/ff4444/ffffff,502
503,http://dummyimage.com/161x165.png/5fa2dd/ffffff,503
504,http://dummyimage.com/130x123.png/5fa2dd/ffffff,504
505,http://dummyimage.com/148x242.png/cc0000/ffffff,505
506,http://dummyimage.com/113x213.png/dddddd/000000,506
507,http://dummyimage.com/240x160.png/dddddd/000000,507
508,http://dummyimage.com/165x154.png/ff4444/ffffff,508
509,http://dummyimage.com/166x245.png/dddddd/000000,509
510,http://dummyimage.com/197x164.png/dddddd/000000,510
511,http://dummyimage.com/207x184.png/5fa2dd/ffffff,511
512,http://dummyimage.com/224x190.png/dddddd/000000,512
513,http://dummyimage.com/104x225.png/ff4444/ffffff,513
514,http://dummyimage.com/250x132.png/dddddd/000000,514
515,http://dummyimage.com/189x227.png/5fa2dd/ffffff,515
516,http://dummyimage.com/165x225.png/dddddd/000000,516
517,http://dummyimage.com/175x226.png/5fa2dd/ffffff,517
518,http://dummyimage.com/134x204.png/5fa2dd/ffffff,518
519,http://dummyimage.com/171x249.png/5fa2dd/ffffff,519
520,http://dummyimage.com/190x143.png/dddddd/000000,520
521,http://dummyimage.com/183x143.png/5fa2dd/ffffff,521
522,http://dummyimage.com/236x209.png/dddddd/000000,522
523,http://dummyimage.com/167x112.png/dddddd/000000,523
524,http://dummyimage.com/176x204.png/cc0000/ffffff,524
525,http://dummyimage.com/100x227.png/ff4444/ffffff,525
526,http://dummyimage.com/183x170.png/cc0000/ffffff,526
527,http://dummyimage.com/178x219.png/5fa2dd/ffffff,527
528,http://dummyimage.com/157x223.png/dddddd/000000,528
529,http://dummyimage.com/174x207.png/dddddd/000000,529
530,http://dummyimage.com/139x114.png/ff4444/ffffff,530
531,http://dummyimage.com/109x187.png/5fa2dd/ffffff,531
532,http://dummyimage.com/178x154.png/cc0000/ffffff,532
533,http://dummyimage.com/248x205.png/5fa2dd/ffffff,533
534,http://dummyimage.com/205x190.png/5fa2dd/ffffff,534
535,http://dummyimage.com/201x167.png/5fa2dd/ffffff,535
536,http://dummyimage.com/217x137.png/dddddd/000000,536
537,http://dummyimage.com/205x193.png/ff4444/ffffff,537
538,http://dummyimage.com/175x188.png/ff4444/ffffff,538
539,http://dummyimage.com/128x220.png/dddddd/000000,539
540,http://dummyimage.com/192x227.png/5fa2dd/ffffff,540
541,http://dummyimage.com/205x246.png/dddddd/000000,541
542,http://dummyimage.com/148x206.png/dddddd/000000,542
543,http://dummyimage.com/206x184.png/dddddd/000000,543
544,http://dummyimage.com/246x176.png/dddddd/000000,544
545,http://dummyimage.com/180x172.png/ff4444/ffffff,545
546,http://dummyimage.com/142x242.png/cc0000/ffffff,546
547,http://dummyimage.com/218x159.png/cc0000/ffffff,547
548,http://dummyimage.com/156x181.png/5fa2dd/ffffff,548
549,http://dummyimage.com/131x237.png/cc0000/ffffff,549
550,http://dummyimage.com/135x122.png/ff4444/ffffff,550
551,http://dummyimage.com/139x184.png/ff4444/ffffff,551
552,http://dummyimage.com/137x233.png/dddddd/000000,552
553,http://dummyimage.com/139x213.png/cc0000/ffffff,553
554,http://dummyimage.com/230x248.png/5fa2dd/ffffff,554
555,http://dummyimage.com/182x209.png/ff4444/ffffff,555
556,http://dummyimage.com/207x194.png/ff4444/ffffff,556
557,http://dummyimage.com/249x141.png/dddddd/000000,557
558,http://dummyimage.com/234x102.png/dddddd/000000,558
559,http://dummyimage.com/210x226.png/cc0000/ffffff,559
560,http://dummyimage.com/130x231.png/5fa2dd/ffffff,560
561,http://dummyimage.com/201x133.png/5fa2dd/ffffff,561
562,http://dummyimage.com/237x230.png/dddddd/000000,562
563,http://dummyimage.com/199x144.png/dddddd/000000,563
564,http://dummyimage.com/208x114.png/ff4444/ffffff,564
565,http://dummyimage.com/114x162.png/dddddd/000000,565
566,http://dummyimage.com/150x127.png/cc0000/ffffff,566
567,http://dummyimage.com/174x165.png/5fa2dd/ffffff,567
568,http://dummyimage.com/232x159.png/5fa2dd/ffffff,568
569,http://dummyimage.com/146x169.png/dddddd/000000,569
570,http://dummyimage.com/243x171.png/cc0000/ffffff,570
571,http://dummyimage.com/212x242.png/dddddd/000000,571
572,http://dummyimage.com/139x109.png/5fa2dd/ffffff,572
573,http://dummyimage.com/191x141.png/dddddd/000000,573
574,http://dummyimage.com/227x202.png/dddddd/000000,574
575,http://dummyimage.com/213x229.png/ff4444/ffffff,575
576,http://dummyimage.com/226x177.png/cc0000/ffffff,576
577,http://dummyimage.com/218x225.png/cc0000/ffffff,577
578,http://dummyimage.com/227x232.png/cc0000/ffffff,578
579,http://dummyimage.com/214x180.png/cc0000/ffffff,579
580,http://dummyimage.com/227x109.png/cc0000/ffffff,580
581,http://dummyimage.com/174x186.png/5fa2dd/ffffff,581
582,http://dummyimage.com/131x126.png/ff4444/ffffff,582
583,http://dummyimage.com/108x160.png/5fa2dd/ffffff,583
584,http://dummyimage.com/136x210.png/dddddd/000000,584
585,http://dummyimage.com/118x236.png/cc0000/ffffff,585
586,http://dummyimage.com/143x145.png/cc0000/ffffff,586
587,http://dummyimage.com/111x105.png/5fa2dd/ffffff,587
588,http://dummyimage.com/147x134.png/dddddd/000000,588
589,http://dummyimage.com/196x218.png/ff4444/ffffff,589
590,http://dummyimage.com/127x223.png/dddddd/000000,590
591,http://dummyimage.com/154x238.png/ff4444/ffffff,591
592,http://dummyimage.com/210x145.png/5fa2dd/ffffff,592
593,http://dummyimage.com/111x212.png/5fa2dd/ffffff,593
594,http://dummyimage.com/177x157.png/5fa2dd/ffffff,594
595,http://dummyimage.com/222x232.png/ff4444/ffffff,595
596,http://dummyimage.com/133x114.png/5fa2dd/ffffff,596
597,http://dummyimage.com/115x169.png/5fa2dd/ffffff,597
598,http://dummyimage.com/103x216.png/cc0000/ffffff,598
599,http://dummyimage.com/197x123.png/cc0000/ffffff,599
600,http://dummyimage.com/110x145.png/cc0000/ffffff,600
601,http://dummyimage.com/214x180.png/dddddd/000000,601
602,http://dummyimage.com/149x204.png/dddddd/000000,602
603,http://dummyimage.com/197x250.png/cc0000/ffffff,603
604,http://dummyimage.com/191x161.png/dddddd/000000,604
605,http://dummyimage.com/146x151.png/dddddd/000000,605
606,http://dummyimage.com/245x176.png/ff4444/ffffff,606
607,http://dummyimage.com/148x120.png/ff4444/ffffff,607
608,http://dummyimage.com/194x103.png/dddddd/000000,608
609,http://dummyimage.com/106x101.png/dddddd/000000,609
610,http://dummyimage.com/139x115.png/ff4444/ffffff,610
611,http://dummyimage.com/134x172.png/dddddd/000000,611
612,http://dummyimage.com/191x241.png/ff4444/ffffff,612
613,http://dummyimage.com/219x100.png/5fa2dd/ffffff,613
614,http://dummyimage.com/157x173.png/cc0000/ffffff,614
615,http://dummyimage.com/191x135.png/dddddd/000000,615
616,http://dummyimage.com/194x177.png/cc0000/ffffff,616
617,http://dummyimage.com/101x119.png/5fa2dd/ffffff,617
618,http://dummyimage.com/114x176.png/5fa2dd/ffffff,618
619,http://dummyimage.com/121x125.png/cc0000/ffffff,619
620,http://dummyimage.com/167x223.png/cc0000/ffffff,620
621,http://dummyimage.com/101x167.png/cc0000/ffffff,621
622,http://dummyimage.com/227x126.png/cc0000/ffffff,622
623,http://dummyimage.com/128x142.png/dddddd/000000,623
624,http://dummyimage.com/211x183.png/dddddd/000000,624
625,http://dummyimage.com/168x180.png/dddddd/000000,625
626,http://dummyimage.com/211x154.png/ff4444/ffffff,626
627,http://dummyimage.com/192x151.png/ff4444/ffffff,627
628,http://dummyimage.com/240x142.png/ff4444/ffffff,628
629,http://dummyimage.com/208x122.png/ff4444/ffffff,629
630,http://dummyimage.com/247x236.png/ff4444/ffffff,630
631,http://dummyimage.com/211x154.png/dddddd/000000,631
632,http://dummyimage.com/103x184.png/ff4444/ffffff,632
633,http://dummyimage.com/133x107.png/5fa2dd/ffffff,633
634,http://dummyimage.com/195x143.png/ff4444/ffffff,634
635,http://dummyimage.com/218x153.png/dddddd/000000,635
636,http://dummyimage.com/235x137.png/5fa2dd/ffffff,636
637,http://dummyimage.com/159x138.png/cc0000/ffffff,637
638,http://dummyimage.com/149x154.png/5fa2dd/ffffff,638
639,http://dummyimage.com/189x165.png/5fa2dd/ffffff,639
640,http://dummyimage.com/222x130.png/ff4444/ffffff,640
641,http://dummyimage.com/214x249.png/ff4444/ffffff,641
642,http://dummyimage.com/235x139.png/dddddd/000000,642
643,http://dummyimage.com/110x114.png/5fa2dd/ffffff,643
644,http://dummyimage.com/165x174.png/dddddd/000000,644
645,http://dummyimage.com/175x205.png/dddddd/000000,645
646,http://dummyimage.com/218x160.png/dddddd/000000,646
647,http://dummyimage.com/128x113.png/dddddd/000000,647
648,http://dummyimage.com/118x222.png/cc0000/ffffff,648
649,http://dummyimage.com/109x180.png/5fa2dd/ffffff,649
650,http://dummyimage.com/154x182.png/cc0000/ffffff,650
651,http://dummyimage.com/166x189.png/cc0000/ffffff,651
652,http://dummyimage.com/145x190.png/dddddd/000000,652
653,http://dummyimage.com/169x244.png/cc0000/ffffff,653
654,http://dummyimage.com/217x183.png/ff4444/ffffff,654
655,http://dummyimage.com/183x146.png/dddddd/000000,655
656,http://dummyimage.com/153x220.png/5fa2dd/ffffff,656
657,http://dummyimage.com/213x142.png/cc0000/ffffff,657
658,http://dummyimage.com/187x182.png/5fa2dd/ffffff,658
659,http://dummyimage.com/164x218.png/5fa2dd/ffffff,659
660,http://dummyimage.com/239x170.png/cc0000/ffffff,660
661,http://dummyimage.com/167x179.png/5fa2dd/ffffff,661
662,http://dummyimage.com/178x204.png/5fa2dd/ffffff,662
663,http://dummyimage.com/214x216.png/cc0000/ffffff,663
664,http://dummyimage.com/130x224.png/5fa2dd/ffffff,664
665,http://dummyimage.com/212x185.png/dddddd/000000,665
666,http://dummyimage.com/150x218.png/cc0000/ffffff,666
667,http://dummyimage.com/197x216.png/ff4444/ffffff,667
668,http://dummyimage.com/143x132.png/dddddd/000000,668
669,http://dummyimage.com/224x112.png/cc0000/ffffff,669
670,http://dummyimage.com/143x194.png/ff4444/ffffff,670
671,http://dummyimage.com/103x163.png/cc0000/ffffff,671
672,http://dummyimage.com/153x164.png/ff4444/ffffff,672
673,http://dummyimage.com/226x171.png/5fa2dd/ffffff,673
674,http://dummyimage.com/128x178.png/ff4444/ffffff,674
675,http://dummyimage.com/170x106.png/5fa2dd/ffffff,675
676,http://dummyimage.com/140x119.png/dddddd/000000,676
677,http://dummyimage.com/136x247.png/ff4444/ffffff,677
678,http://dummyimage.com/231x195.png/cc0000/ffffff,678
679,http://dummyimage.com/173x152.png/5fa2dd/ffffff,679
680,http://dummyimage.com/178x174.png/dddddd/000000,680
681,http://dummyimage.com/126x248.png/ff4444/ffffff,681
682,http://dummyimage.com/101x235.png/5fa2dd/ffffff,682
683,http://dummyimage.com/210x181.png/5fa2dd/ffffff,683
684,http://dummyimage.com/154x169.png/dddddd/000000,684
685,http://dummyimage.com/164x122.png/dddddd/000000,685
686,http://dummyimage.com/151x191.png/5fa2dd/ffffff,686
687,http://dummyimage.com/120x250.png/ff4444/ffffff,687
688,http://dummyimage.com/125x159.png/dddddd/000000,688
689,http://dummyimage.com/101x239.png/ff4444/ffffff,689
690,http://dummyimage.com/156x179.png/dddddd/000000,690
691,http://dummyimage.com/199x117.png/cc0000/ffffff,691
692,http://dummyimage.com/194x187.png/dddddd/000000,692
693,http://dummyimage.com/216x234.png/cc0000/ffffff,693
694,http://dummyimage.com/170x134.png/5fa2dd/ffffff,694
695,http://dummyimage.com/207x100.png/5fa2dd/ffffff,695
696,http://dummyimage.com/155x153.png/cc0000/ffffff,696
697,http://dummyimage.com/236x225.png/dddddd/000000,697
698,http://dummyimage.com/213x180.png/dddddd/000000,698
699,http://dummyimage.com/221x175.png/cc0000/ffffff,699
700,http://dummyimage.com/150x136.png/5fa2dd/ffffff,700
701,http://dummyimage.com/196x222.png/cc0000/ffffff,701
702,http://dummyimage.com/181x125.png/cc0000/ffffff,702
703,http://dummyimage.com/183x224.png/dddddd/000000,703
704,http://dummyimage.com/108x160.png/cc0000/ffffff,704
705,http://dummyimage.com/152x194.png/5fa2dd/ffffff,705
706,http://dummyimage.com/121x122.png/cc0000/ffffff,706
707,http://dummyimage.com/146x193.png/ff4444/ffffff,707
708,http://dummyimage.com/151x249.png/cc0000/ffffff,708
709,http://dummyimage.com/204x195.png/5fa2dd/ffffff,709
710,http://dummyimage.com/163x132.png/dddddd/000000,710
711,http://dummyimage.com/104x138.png/cc0000/ffffff,711
712,http://dummyimage.com/105x225.png/5fa2dd/ffffff,712
713,http://dummyimage.com/125x244.png/5fa2dd/ffffff,713
714,http://dummyimage.com/113x120.png/dddddd/000000,714
715,http://dummyimage.com/166x123.png/dddddd/000000,715
716,http://dummyimage.com/147x151.png/ff4444/ffffff,716
717,http://dummyimage.com/190x200.png/ff4444/ffffff,717
718,http://dummyimage.com/113x236.png/ff4444/ffffff,718
719,http://dummyimage.com/133x185.png/dddddd/000000,719
720,http://dummyimage.com/126x230.png/ff4444/ffffff,720
721,http://dummyimage.com/110x224.png/ff4444/ffffff,721
722,http://dummyimage.com/193x172.png/dddddd/000000,722
723,http://dummyimage.com/109x133.png/cc0000/ffffff,723
724,http://dummyimage.com/158x186.png/dddddd/000000,724
725,http://dummyimage.com/118x124.png/cc0000/ffffff,725
726,http://dummyimage.com/186x106.png/ff4444/ffffff,726
727,http://dummyimage.com/143x179.png/cc0000/ffffff,727
728,http://dummyimage.com/134x214.png/dddddd/000000,728
729,http://dummyimage.com/178x156.png/dddddd/000000,729
730,http://dummyimage.com/195x111.png/5fa2dd/ffffff,730
731,http://dummyimage.com/143x232.png/ff4444/ffffff,731
732,http://dummyimage.com/241x237.png/5fa2dd/ffffff,732
733,http://dummyimage.com/113x111.png/cc0000/ffffff,733
734,http://dummyimage.com/107x237.png/5fa2dd/ffffff,734
735,http://dummyimage.com/129x144.png/5fa2dd/ffffff,735
736,http://dummyimage.com/145x126.png/5fa2dd/ffffff,736
737,http://dummyimage.com/207x129.png/ff4444/ffffff,737
738,http://dummyimage.com/214x243.png/dddddd/000000,738
739,http://dummyimage.com/157x228.png/5fa2dd/ffffff,739
740,http://dummyimage.com/149x151.png/ff4444/ffffff,740
741,http://dummyimage.com/101x183.png/dddddd/000000,741
742,http://dummyimage.com/130x207.png/dddddd/000000,742
743,http://dummyimage.com/131x149.png/cc0000/ffffff,743
744,http://dummyimage.com/224x135.png/ff4444/ffffff,744
745,http://dummyimage.com/170x131.png/5fa2dd/ffffff,745
746,http://dummyimage.com/159x194.png/cc0000/ffffff,746
747,http://dummyimage.com/224x180.png/ff4444/ffffff,747
748,http://dummyimage.com/125x184.png/5fa2dd/ffffff,748
749,http://dummyimage.com/121x137.png/5fa2dd/ffffff,749
750,http://dummyimage.com/134x225.png/5fa2dd/ffffff,750
751,http://dummyimage.com/230x155.png/dddddd/000000,751
752,http://dummyimage.com/136x158.png/5fa2dd/ffffff,752
753,http://dummyimage.com/214x232.png/dddddd/000000,753
754,http://dummyimage.com/122x126.png/dddddd/000000,754
755,http://dummyimage.com/208x217.png/cc0000/ffffff,755
756,http://dummyimage.com/135x222.png/ff4444/ffffff,756
757,http://dummyimage.com/215x136.png/ff4444/ffffff,757
758,http://dummyimage.com/173x200.png/5fa2dd/ffffff,758
759,http://dummyimage.com/227x212.png/ff4444/ffffff,759
760,http://dummyimage.com/215x193.png/ff4444/ffffff,760
761,http://dummyimage.com/229x196.png/cc0000/ffffff,761
762,http://dummyimage.com/226x208.png/5fa2dd/ffffff,762
763,http://dummyimage.com/161x111.png/dddddd/000000,763
764,http://dummyimage.com/182x165.png/dddddd/000000,764
765,http://dummyimage.com/206x188.png/5fa2dd/ffffff,765
766,http://dummyimage.com/189x219.png/dddddd/000000,766
767,http://dummyimage.com/140x104.png/cc0000/ffffff,767
768,http://dummyimage.com/194x237.png/dddddd/000000,768
769,http://dummyimage.com/171x189.png/cc0000/ffffff,769
770,http://dummyimage.com/226x141.png/dddddd/000000,770
771,http://dummyimage.com/135x120.png/dddddd/000000,771
772,http://dummyimage.com/226x227.png/ff4444/ffffff,772
773,http://dummyimage.com/144x122.png/ff4444/ffffff,773
774,http://dummyimage.com/173x123.png/dddddd/000000,774
775,http://dummyimage.com/190x218.png/ff4444/ffffff,775
776,http://dummyimage.com/143x235.png/cc0000/ffffff,776
777,http://dummyimage.com/246x159.png/cc0000/ffffff,777
778,http://dummyimage.com/171x200.png/ff4444/ffffff,778
779,http://dummyimage.com/202x209.png/dddddd/000000,779
780,http://dummyimage.com/187x144.png/5fa2dd/ffffff,780
781,http://dummyimage.com/189x149.png/cc0000/ffffff,781
782,http://dummyimage.com/141x217.png/5fa2dd/ffffff,782
783,http://dummyimage.com/197x147.png/ff4444/ffffff,783
784,http://dummyimage.com/177x153.png/ff4444/ffffff,784
785,http://dummyimage.com/195x162.png/5fa2dd/ffffff,785
786,http://dummyimage.com/202x106.png/cc0000/ffffff,786
787,http://dummyimage.com/139x223.png/dddddd/000000,787
788,http://dummyimage.com/133x138.png/5fa2dd/ffffff,788
789,http://dummyimage.com/193x146.png/ff4444/ffffff,789
790,http://dummyimage.com/172x142.png/ff4444/ffffff,790
791,http://dummyimage.com/123x226.png/ff4444/ffffff,791
792,http://dummyimage.com/155x120.png/ff4444/ffffff,792
793,http://dummyimage.com/152x190.png/dddddd/000000,793
794,http://dummyimage.com/176x165.png/5fa2dd/ffffff,794
795,http://dummyimage.com/204x206.png/cc0000/ffffff,795
796,http://dummyimage.com/145x124.png/dddddd/000000,796
797,http://dummyimage.com/168x182.png/5fa2dd/ffffff,797
798,http://dummyimage.com/127x214.png/cc0000/ffffff,798
799,http://dummyimage.com/216x126.png/ff4444/ffffff,799
800,http://dummyimage.com/172x201.png/cc0000/ffffff,800
801,http://dummyimage.com/131x244.png/5fa2dd/ffffff,801
802,http://dummyimage.com/210x161.png/ff4444/ffffff,802
803,http://dummyimage.com/180x206.png/cc0000/ffffff,803
804,http://dummyimage.com/189x141.png/ff4444/ffffff,804
805,http://dummyimage.com/233x103.png/ff4444/ffffff,805
806,http://dummyimage.com/233x183.png/5fa2dd/ffffff,806
807,http://dummyimage.com/210x221.png/cc0000/ffffff,807
808,http://dummyimage.com/117x158.png/cc0000/ffffff,808
809,http://dummyimage.com/194x171.png/cc0000/ffffff,809
810,http://dummyimage.com/217x189.png/ff4444/ffffff,810
811,http://dummyimage.com/231x165.png/dddddd/000000,811
812,http://dummyimage.com/238x118.png/5fa2dd/ffffff,812
813,http://dummyimage.com/206x124.png/5fa2dd/ffffff,813
814,http://dummyimage.com/163x160.png/ff4444/ffffff,814
815,http://dummyimage.com/169x188.png/cc0000/ffffff,815
816,http://dummyimage.com/246x143.png/5fa2dd/ffffff,816
817,http://dummyimage.com/162x243.png/5fa2dd/ffffff,817
818,http://dummyimage.com/170x106.png/dddddd/000000,818
819,http://dummyimage.com/226x162.png/dddddd/000000,819
820,http://dummyimage.com/213x235.png/cc0000/ffffff,820
821,http://dummyimage.com/223x184.png/dddddd/000000,821
822,http://dummyimage.com/101x116.png/5fa2dd/ffffff,822
823,http://dummyimage.com/192x142.png/dddddd/000000,823
824,http://dummyimage.com/134x228.png/5fa2dd/ffffff,824
825,http://dummyimage.com/158x247.png/ff4444/ffffff,825
826,http://dummyimage.com/229x198.png/ff4444/ffffff,826
827,http://dummyimage.com/142x160.png/ff4444/ffffff,827
828,http://dummyimage.com/121x180.png/ff4444/ffffff,828
829,http://dummyimage.com/112x179.png/5fa2dd/ffffff,829
830,http://dummyimage.com/148x154.png/cc0000/ffffff,830
831,http://dummyimage.com/212x122.png/cc0000/ffffff,831
832,http://dummyimage.com/116x206.png/dddddd/000000,832
833,http://dummyimage.com/153x101.png/ff4444/ffffff,833
834,http://dummyimage.com/125x219.png/dddddd/000000,834
835,http://dummyimage.com/216x175.png/dddddd/000000,835
836,http://dummyimage.com/198x196.png/5fa2dd/ffffff,836
837,http://dummyimage.com/250x150.png/ff4444/ffffff,837
838,http://dummyimage.com/149x156.png/dddddd/000000,838
839,http://dummyimage.com/106x130.png/ff4444/ffffff,839
840,http://dummyimage.com/130x189.png/5fa2dd/ffffff,840
841,http://dummyimage.com/223x109.png/cc0000/ffffff,841
842,http://dummyimage.com/194x216.png/cc0000/ffffff,842
843,http://dummyimage.com/135x187.png/dddddd/000000,843
844,http://dummyimage.com/174x197.png/cc0000/ffffff,844
845,http://dummyimage.com/105x210.png/dddddd/000000,845
846,http://dummyimage.com/205x247.png/5fa2dd/ffffff,846
847,http://dummyimage.com/241x145.png/cc0000/ffffff,847
848,http://dummyimage.com/226x192.png/5fa2dd/ffffff,848
849,http://dummyimage.com/163x242.png/dddddd/000000,849
850,http://dummyimage.com/130x102.png/cc0000/ffffff,850
851,http://dummyimage.com/143x106.png/cc0000/ffffff,851
852,http://dummyimage.com/179x100.png/cc0000/ffffff,852
853,http://dummyimage.com/107x120.png/ff4444/ffffff,853
854,http://dummyimage.com/115x175.png/ff4444/ffffff,854
855,http://dummyimage.com/178x127.png/cc0000/ffffff,855
856,http://dummyimage.com/174x196.png/ff4444/ffffff,856
857,http://dummyimage.com/123x141.png/ff4444/ffffff,857
858,http://dummyimage.com/224x105.png/5fa2dd/ffffff,858
859,http://dummyimage.com/109x210.png/5fa2dd/ffffff,859
860,http://dummyimage.com/205x249.png/cc0000/ffffff,860
861,http://dummyimage.com/144x156.png/cc0000/ffffff,861
862,http://dummyimage.com/237x100.png/dddddd/000000,862
863,http://dummyimage.com/122x143.png/cc0000/ffffff,863
864,http://dummyimage.com/186x216.png/5fa2dd/ffffff,864
865,http://dummyimage.com/108x207.png/ff4444/ffffff,865
866,http://dummyimage.com/164x153.png/cc0000/ffffff,866
867,http://dummyimage.com/223x173.png/5fa2dd/ffffff,867
868,http://dummyimage.com/245x215.png/dddddd/000000,868
869,http://dummyimage.com/132x224.png/5fa2dd/ffffff,869
870,http://dummyimage.com/110x125.png/5fa2dd/ffffff,870
871,http://dummyimage.com/191x165.png/5fa2dd/ffffff,871
872,http://dummyimage.com/181x100.png/dddddd/000000,872
873,http://dummyimage.com/151x228.png/dddddd/000000,873
874,http://dummyimage.com/194x148.png/ff4444/ffffff,874
875,http://dummyimage.com/146x214.png/5fa2dd/ffffff,875
876,http://dummyimage.com/140x100.png/dddddd/000000,876
877,http://dummyimage.com/157x140.png/ff4444/ffffff,877
878,http://dummyimage.com/157x200.png/5fa2dd/ffffff,878
879,http://dummyimage.com/243x175.png/dddddd/000000,879
880,http://dummyimage.com/123x198.png/dddddd/000000,880
881,http://dummyimage.com/123x180.png/5fa2dd/ffffff,881
882,http://dummyimage.com/132x126.png/ff4444/ffffff,882
883,http://dummyimage.com/117x113.png/cc0000/ffffff,883
884,http://dummyimage.com/139x108.png/cc0000/ffffff,884
885,http://dummyimage.com/175x221.png/dddddd/000000,885
886,http://dummyimage.com/161x136.png/ff4444/ffffff,886
887,http://dummyimage.com/203x190.png/dddddd/000000,887
888,http://dummyimage.com/205x105.png/dddddd/000000,888
889,http://dummyimage.com/157x154.png/5fa2dd/ffffff,889
890,http://dummyimage.com/148x163.png/cc0000/ffffff,890
891,http://dummyimage.com/151x107.png/dddddd/000000,891
892,http://dummyimage.com/223x129.png/5fa2dd/ffffff,892
893,http://dummyimage.com/247x179.png/ff4444/ffffff,893
894,http://dummyimage.com/175x199.png/cc0000/ffffff,894
895,http://dummyimage.com/102x101.png/cc0000/ffffff,895
896,http://dummyimage.com/124x160.png/5fa2dd/ffffff,896
897,http://dummyimage.com/143x115.png/cc0000/ffffff,897
898,http://dummyimage.com/199x114.png/ff4444/ffffff,898
899,http://dummyimage.com/247x201.png/ff4444/ffffff,899
900,http://dummyimage.com/192x168.png/dddddd/000000,900
901,http://dummyimage.com/241x197.png/5fa2dd/ffffff,901
902,http://dummyimage.com/181x159.png/ff4444/ffffff,902
903,http://dummyimage.com/189x239.png/5fa2dd/ffffff,903
904,http://dummyimage.com/216x124.png/ff4444/ffffff,904
905,http://dummyimage.com/142x211.png/5fa2dd/ffffff,905
906,http://dummyimage.com/119x188.png/dddddd/000000,906
907,http://dummyimage.com/248x204.png/ff4444/ffffff,907
908,http://dummyimage.com/106x243.png/5fa2dd/ffffff,908
909,http://dummyimage.com/172x193.png/cc0000/ffffff,909
910,http://dummyimage.com/238x226.png/dddddd/000000,910
911,http://dummyimage.com/171x230.png/cc0000/ffffff,911
912,http://dummyimage.com/107x106.png/ff4444/ffffff,912
913,http://dummyimage.com/178x139.png/5fa2dd/ffffff,913
914,http://dummyimage.com/133x222.png/5fa2dd/ffffff,914
915,http://dummyimage.com/217x219.png/dddddd/000000,915
916,http://dummyimage.com/184x191.png/cc0000/ffffff,916
917,http://dummyimage.com/216x227.png/cc0000/ffffff,917
918,http://dummyimage.com/158x172.png/cc0000/ffffff,918
919,http://dummyimage.com/167x117.png/5fa2dd/ffffff,919
920,http://dummyimage.com/166x135.png/dddddd/000000,920
921,http://dummyimage.com/122x111.png/dddddd/000000,921
922,http://dummyimage.com/182x211.png/ff4444/ffffff,922
923,http://dummyimage.com/124x128.png/5fa2dd/ffffff,923
924,http://dummyimage.com/200x175.png/5fa2dd/ffffff,924
925,http://dummyimage.com/236x105.png/ff4444/ffffff,925
926,http://dummyimage.com/223x216.png/dddddd/000000,926
927,http://dummyimage.com/108x151.png/cc0000/ffffff,927
928,http://dummyimage.com/245x158.png/cc0000/ffffff,928
929,http://dummyimage.com/241x187.png/5fa2dd/ffffff,929
930,http://dummyimage.com/112x195.png/5fa2dd/ffffff,930
931,http://dummyimage.com/175x170.png/dddddd/000000,931
932,http://dummyimage.com/200x127.png/5fa2dd/ffffff,932
933,http://dummyimage.com/214x192.png/dddddd/000000,933
934,http://dummyimage.com/160x248.png/cc0000/ffffff,934
935,http://dummyimage.com/244x168.png/dddddd/000000,935
936,http://dummyimage.com/140x230.png/dddddd/000000,936
937,http://dummyimage.com/161x167.png/cc0000/ffffff,937
938,http://dummyimage.com/156x132.png/cc0000/ffffff,938
939,http://dummyimage.com/209x111.png/ff4444/ffffff,939
940,http://dummyimage.com/162x122.png/ff4444/ffffff,940
941,http://dummyimage.com/227x190.png/dddddd/000000,941
942,http://dummyimage.com/210x168.png/ff4444/ffffff,942
943,http://dummyimage.com/107x188.png/dddddd/000000,943
944,http://dummyimage.com/118x160.png/5fa2dd/ffffff,944
945,http://dummyimage.com/182x246.png/5fa2dd/ffffff,945
946,http://dummyimage.com/187x238.png/ff4444/ffffff,946
947,http://dummyimage.com/208x149.png/5fa2dd/ffffff,947
948,http://dummyimage.com/170x245.png/ff4444/ffffff,948
949,http://dummyimage.com/227x104.png/5fa2dd/ffffff,949
950,http://dummyimage.com/221x248.png/ff4444/ffffff,950
951,http://dummyimage.com/203x185.png/ff4444/ffffff,951
952,http://dummyimage.com/150x105.png/ff4444/ffffff,952
953,http://dummyimage.com/234x223.png/cc0000/ffffff,953
954,http://dummyimage.com/203x232.png/cc0000/ffffff,954
955,http://dummyimage.com/222x161.png/5fa2dd/ffffff,955
956,http://dummyimage.com/151x172.png/5fa2dd/ffffff,956
957,http://dummyimage.com/164x173.png/cc0000/ffffff,957
958,http://dummyimage.com/146x143.png/cc0000/ffffff,958
959,http://dummyimage.com/185x124.png/ff4444/ffffff,959
960,http://dummyimage.com/163x217.png/cc0000/ffffff,960
961,http://dummyimage.com/198x199.png/cc0000/ffffff,961
962,http://dummyimage.com/144x203.png/dddddd/000000,962
963,http://dummyimage.com/122x144.png/cc0000/ffffff,963
964,http://dummyimage.com/223x128.png/ff4444/ffffff,964
965,http://dummyimage.com/168x157.png/cc0000/ffffff,965
966,http://dummyimage.com/175x101.png/dddddd/000000,966
967,http://dummyimage.com/131x147.png/cc0000/ffffff,967
968,http://dummyimage.com/123x233.png/ff4444/ffffff,968
969,http://dummyimage.com/212x194.png/dddddd/000000,969
970,http://dummyimage.com/132x204.png/cc0000/ffffff,970
971,http://dummyimage.com/177x218.png/5fa2dd/ffffff,971
972,http://dummyimage.com/138x172.png/5fa2dd/ffffff,972
973,http://dummyimage.com/131x103.png/dddddd/000000,973
974,http://dummyimage.com/147x235.png/dddddd/000000,974
975,http://dummyimage.com/148x103.png/5fa2dd/ffffff,975
976,http://dummyimage.com/201x244.png/5fa2dd/ffffff,976
977,http://dummyimage.com/207x211.png/5fa2dd/ffffff,977
978,http://dummyimage.com/204x217.png/ff4444/ffffff,978
979,http://dummyimage.com/238x121.png/cc0000/ffffff,979
980,http://dummyimage.com/102x167.png/ff4444/ffffff,980
981,http://dummyimage.com/160x221.png/5fa2dd/ffffff,981
982,http://dummyimage.com/218x145.png/5fa2dd/ffffff,982
983,http://dummyimage.com/167x153.png/dddddd/000000,983
984,http://dummyimage.com/235x144.png/ff4444/ffffff,984
985,http://dummyimage.com/106x133.png/dddddd/000000,985
986,http://dummyimage.com/127x222.png/dddddd/000000,986
987,http://dummyimage.com/199x169.png/ff4444/ffffff,987
988,http://dummyimage.com/214x141.png/dddddd/000000,988
989,http://dummyimage.com/131x241.png/cc0000/ffffff,989
990,http://dummyimage.com/219x240.png/5fa2dd/ffffff,990
991,http://dummyimage.com/151x137.png/ff4444/ffffff,991
992,http://dummyimage.com/240x218.png/5fa2dd/ffffff,992
993,http://dummyimage.com/181x134.png/dddddd/000000,993
994,http://dummyimage.com/214x109.png/ff4444/ffffff,994
995,http://dummyimage.com/248x234.png/5fa2dd/ffffff,995
996,http://dummyimage.com/114x154.png/ff4444/ffffff,996
997,http://dummyimage.com/162x171.png/ff4444/ffffff,997
998,http://dummyimage.com/164x107.png/5fa2dd/ffffff,998
999,http://dummyimage.com/174x166.png/cc0000/ffffff,999
1000,http://dummyimage.com/168x175.png/dddddd/000000,1000
